KoyaanisQatsi,328,0.0,1,1
KoyaanisQatsi,327,0.0,2,1
KoyaanisQatsi,326,0.0,3,1
KoyaanisQatsi,325,0.0,4,1
KoyaanisQatsi,323,0.0,5,1
KoyaanisQatsi,322,0.0,6,1
KoyaanisQatsi,321,0.0,7,1
KoyaanisQatsi,320,0.0,8,1
KoyaanisQatsi,316,0.0,9,1
KoyaanisQatsi,315,0.0,10,1
KoyaanisQatsi,314,0.0,11,1
KoyaanisQatsi,313,0.0,12,1
KoyaanisQatsi,311,0.0,13,1
KoyaanisQatsi,310,0.0,14,1
KoyaanisQatsi,309,0.0,15,1
KoyaanisQatsi,308,0.0,16,1
KoyaanisQatsi,307,0.0,17,1
KoyaanisQatsi,303,0.0,18,1
KoyaanisQatsi,302,0.0,19,1
KoyaanisQatsi,301,0.0,20,1
KoyaanisQatsi,300,0.0,21,1
KoyaanisQatsi,299,0.0,22,1
KoyaanisQatsi,298,0.0,23,1
KoyaanisQatsi,293,0.0,24,1
KoyaanisQatsi,242,0.0,25,1
KoyaanisQatsi,241,0.0,26,1
KoyaanisQatsi,240,0.0,27,1
KoyaanisQatsi,186,0.0,28,1
KoyaanisQatsi,163,0.0,29,1
KoyaanisQatsi,155,0.0,30,1
KoyaanisQatsi,149,0.0,31,1
KoyaanisQatsi,147,0.0,32,1
KoyaanisQatsi,109,0.0,33,1
KoyaanisQatsi,107,0.0,34,1
KoyaanisQatsi,106,0.0,35,1
KoyaanisQatsi,86,0.0,36,1
KoyaanisQatsi,69,0.0,37,1
Conversion script,328,0.0,1,1
Conversion script,327,0.0,2,1
Conversion script,326,0.0,3,1
Conversion script,325,0.0,4,1
Conversion script,323,0.0,5,1
Conversion script,322,0.0,6,1
Conversion script,321,0.0,7,1
Conversion script,320,0.0,8,1
Conversion script,316,0.0,9,1
Conversion script,315,0.0,10,1
Conversion script,314,0.0,11,1
Conversion script,313,0.0,12,1
Conversion script,311,0.0,13,1
Conversion script,310,0.0,14,1
Conversion script,309,0.0,15,1
Conversion script,308,0.0,16,1
Conversion script,307,0.0,17,1
Conversion script,303,0.0,18,1
Conversion script,302,0.0,19,1
Conversion script,301,0.0,20,1
Conversion script,300,0.0,21,1
Conversion script,299,0.0,22,1
Conversion script,298,0.0,23,1
Conversion script,293,0.0,24,1
Conversion script,242,0.0,25,1
Conversion script,241,0.0,26,1
Conversion script,240,0.0,27,1
Conversion script,186,0.0,28,1
Conversion script,163,0.0,29,1
Conversion script,155,0.0,30,1
Conversion script,149,0.0,31,1
Conversion script,147,0.0,32,1
Conversion script,109,0.0,33,1
Conversion script,107,0.0,34,1
Conversion script,106,0.0,35,1
Conversion script,86,0.0,36,1
Conversion script,69,0.0,37,1
Timo Honkasalo,328,0.0,1,1
Timo Honkasalo,327,0.0,2,1
Timo Honkasalo,326,0.0,3,1
Timo Honkasalo,325,0.0,4,1
Timo Honkasalo,323,0.0,5,1
Timo Honkasalo,322,0.0,6,1
Timo Honkasalo,321,0.0,7,1
Timo Honkasalo,320,0.0,8,1
Timo Honkasalo,316,0.0,9,1
Timo Honkasalo,315,0.0,10,1
Timo Honkasalo,314,0.0,11,1
Timo Honkasalo,313,0.0,12,1
Timo Honkasalo,311,0.0,13,1
Timo Honkasalo,310,0.0,14,1
Timo Honkasalo,309,0.0,15,1
Timo Honkasalo,308,0.0,16,1
Timo Honkasalo,307,0.0,17,1
Timo Honkasalo,303,0.0,18,1
Timo Honkasalo,302,0.0,19,1
Timo Honkasalo,301,0.0,20,1
Timo Honkasalo,300,0.0,21,1
Timo Honkasalo,299,0.0,22,1
Timo Honkasalo,298,0.0,23,1
Timo Honkasalo,293,0.0,24,1
Timo Honkasalo,242,0.0,25,1
Timo Honkasalo,241,0.0,26,1
Timo Honkasalo,240,0.0,27,1
Timo Honkasalo,186,0.0,28,1
Timo Honkasalo,163,0.0,29,1
Timo Honkasalo,155,0.0,30,1
Timo Honkasalo,149,0.0,31,1
Timo Honkasalo,147,0.0,32,1
Timo Honkasalo,109,0.0,33,1
Timo Honkasalo,107,0.0,34,1
Timo Honkasalo,106,0.0,35,1
Timo Honkasalo,86,0.0,36,1
Timo Honkasalo,69,0.0,37,1
Sjc,328,0.0,1,1
Sjc,327,0.0,2,1
Sjc,326,0.0,3,1
Sjc,325,0.0,4,1
Sjc,323,0.0,5,1
Sjc,322,0.0,6,1
Sjc,321,0.0,7,1
Sjc,320,0.0,8,1
Sjc,316,0.0,9,1
Sjc,315,0.0,10,1
Sjc,314,0.0,11,1
Sjc,313,0.0,12,1
Sjc,311,0.0,13,1
Sjc,310,0.0,14,1
Sjc,309,0.0,15,1
Sjc,308,0.0,16,1
Sjc,307,0.0,17,1
Sjc,303,0.0,18,1
Sjc,302,0.0,19,1
Sjc,301,0.0,20,1
Sjc,300,0.0,21,1
Sjc,299,0.0,22,1
Sjc,298,0.0,23,1
Sjc,293,0.0,24,1
Sjc,242,0.0,25,1
Sjc,241,0.0,26,1
Sjc,240,0.0,27,1
Sjc,186,0.0,28,1
Sjc,163,0.0,29,1
Sjc,155,0.0,30,1
Sjc,149,0.0,31,1
Sjc,147,0.0,32,1
Sjc,109,0.0,33,1
Sjc,107,0.0,34,1
Sjc,106,0.0,35,1
Sjc,86,0.0,36,1
Sjc,69,0.0,37,1
Brion VIBBER,328,0.0,1,1
Brion VIBBER,327,0.0,2,1
Brion VIBBER,326,0.0,3,1
Brion VIBBER,325,0.0,4,1
Brion VIBBER,323,0.0,5,1
Brion VIBBER,322,0.0,6,1
Brion VIBBER,321,0.0,7,1
Brion VIBBER,320,0.0,8,1
Brion VIBBER,316,0.0,9,1
Brion VIBBER,315,0.0,10,1
Brion VIBBER,314,0.0,11,1
Brion VIBBER,313,0.0,12,1
Brion VIBBER,311,0.0,13,1
Brion VIBBER,310,0.0,14,1
Brion VIBBER,309,0.0,15,1
Brion VIBBER,308,0.0,16,1
Brion VIBBER,307,0.0,17,1
Brion VIBBER,303,0.0,18,1
Brion VIBBER,302,0.0,19,1
Brion VIBBER,301,0.0,20,1
Brion VIBBER,300,0.0,21,1
Brion VIBBER,299,0.0,22,1
Brion VIBBER,298,0.0,23,1
Brion VIBBER,293,0.0,24,1
Brion VIBBER,242,0.0,25,1
Brion VIBBER,241,0.0,26,1
Brion VIBBER,240,0.0,27,1
Brion VIBBER,186,0.0,28,1
Brion VIBBER,163,0.0,29,1
Brion VIBBER,155,0.0,30,1
Brion VIBBER,149,0.0,31,1
Brion VIBBER,147,0.0,32,1
Brion VIBBER,109,0.0,33,1
Brion VIBBER,107,0.0,34,1
Brion VIBBER,106,0.0,35,1
Brion VIBBER,86,0.0,36,1
Brion VIBBER,69,0.0,37,1
Andre Engels,328,0.0,1,1
Andre Engels,327,0.0,2,1
Andre Engels,326,0.0,3,1
Andre Engels,325,0.0,4,1
Andre Engels,323,0.0,5,1
Andre Engels,322,0.0,6,1
Andre Engels,321,0.0,7,1
Andre Engels,320,0.0,8,1
Andre Engels,316,0.0,9,1
Andre Engels,315,0.0,10,1
Andre Engels,314,0.0,11,1
Andre Engels,313,0.0,12,1
Andre Engels,311,0.0,13,1
Andre Engels,310,0.0,14,1
Andre Engels,309,0.0,15,1
Andre Engels,308,0.0,16,1
Andre Engels,307,0.0,17,1
Andre Engels,303,0.0,18,1
Andre Engels,302,0.0,19,1
Andre Engels,301,0.0,20,1
Andre Engels,300,0.0,21,1
Andre Engels,299,0.0,22,1
Andre Engels,298,0.0,23,1
Andre Engels,293,0.0,24,1
Andre Engels,242,0.0,25,1
Andre Engels,241,0.0,26,1
Andre Engels,240,0.0,27,1
Andre Engels,186,0.0,28,1
Andre Engels,163,0.0,29,1
Andre Engels,155,0.0,30,1
Andre Engels,149,0.0,31,1
Andre Engels,147,0.0,32,1
Andre Engels,109,0.0,33,1
Andre Engels,107,0.0,34,1
Andre Engels,106,0.0,35,1
Andre Engels,86,0.0,36,1
Andre Engels,69,0.0,37,1
The Anome,328,0.0,1,1
The Anome,327,0.0,2,1
The Anome,326,0.0,3,1
The Anome,325,0.0,4,1
The Anome,323,0.0,5,1
The Anome,322,0.0,6,1
The Anome,321,0.0,7,1
The Anome,320,0.0,8,1
The Anome,316,0.0,9,1
The Anome,315,0.0,10,1
The Anome,314,0.0,11,1
The Anome,313,0.0,12,1
The Anome,311,0.0,13,1
The Anome,310,0.0,14,1
The Anome,309,0.0,15,1
The Anome,308,0.0,16,1
The Anome,307,0.0,17,1
The Anome,303,0.0,18,1
The Anome,302,0.0,19,1
The Anome,301,0.0,20,1
The Anome,300,0.0,21,1
The Anome,299,0.0,22,1
The Anome,298,0.0,23,1
The Anome,293,0.0,24,1
The Anome,242,0.0,25,1
The Anome,241,0.0,26,1
The Anome,240,0.0,27,1
The Anome,186,0.0,28,1
The Anome,163,0.0,29,1
The Anome,155,0.0,30,1
The Anome,149,0.0,31,1
The Anome,147,0.0,32,1
The Anome,109,0.0,33,1
The Anome,107,0.0,34,1
The Anome,106,0.0,35,1
The Anome,86,0.0,36,1
The Anome,69,0.0,37,1
Koyaanis Qatsi,328,0.0,1,1
Koyaanis Qatsi,327,0.0,2,1
Koyaanis Qatsi,326,0.0,3,1
Koyaanis Qatsi,325,0.0,4,1
Koyaanis Qatsi,323,0.0,5,1
Koyaanis Qatsi,322,0.0,6,1
Koyaanis Qatsi,321,0.0,7,1
Koyaanis Qatsi,320,0.0,8,1
Koyaanis Qatsi,316,0.0,9,1
Koyaanis Qatsi,315,0.0,10,1
Koyaanis Qatsi,314,0.0,11,1
Koyaanis Qatsi,313,0.0,12,1
Koyaanis Qatsi,311,0.0,13,1
Koyaanis Qatsi,310,0.0,14,1
Koyaanis Qatsi,309,0.0,15,1
Koyaanis Qatsi,308,0.0,16,1
Koyaanis Qatsi,307,0.0,17,1
Koyaanis Qatsi,303,0.0,18,1
Koyaanis Qatsi,302,0.0,19,1
Koyaanis Qatsi,301,0.0,20,1
Koyaanis Qatsi,300,0.0,21,1
Koyaanis Qatsi,299,0.0,22,1
Koyaanis Qatsi,298,0.0,23,1
Koyaanis Qatsi,293,0.0,24,1
Koyaanis Qatsi,242,0.0,25,1
Koyaanis Qatsi,241,0.0,26,1
Koyaanis Qatsi,240,0.0,27,1
Koyaanis Qatsi,186,0.0,28,1
Koyaanis Qatsi,163,0.0,29,1
Koyaanis Qatsi,155,0.0,30,1
Koyaanis Qatsi,149,0.0,31,1
Koyaanis Qatsi,147,0.0,32,1
Koyaanis Qatsi,109,0.0,33,1
Koyaanis Qatsi,107,0.0,34,1
Koyaanis Qatsi,106,0.0,35,1
Koyaanis Qatsi,86,0.0,36,1
Koyaanis Qatsi,69,0.0,37,1
Aarrrggghhh,328,0.0,1,1
Aarrrggghhh,327,0.0,2,1
Aarrrggghhh,326,0.0,3,1
Aarrrggghhh,325,0.0,4,1
Aarrrggghhh,323,0.0,5,1
Aarrrggghhh,322,0.0,6,1
Aarrrggghhh,321,0.0,7,1
Aarrrggghhh,320,0.0,8,1
Aarrrggghhh,316,0.0,9,1
Aarrrggghhh,315,0.0,10,1
Aarrrggghhh,314,0.0,11,1
Aarrrggghhh,313,0.0,12,1
Aarrrggghhh,311,0.0,13,1
Aarrrggghhh,310,0.0,14,1
Aarrrggghhh,309,0.0,15,1
Aarrrggghhh,308,0.0,16,1
Aarrrggghhh,307,0.0,17,1
Aarrrggghhh,303,0.0,18,1
Aarrrggghhh,302,0.0,19,1
Aarrrggghhh,301,0.0,20,1
Aarrrggghhh,300,0.0,21,1
Aarrrggghhh,299,0.0,22,1
Aarrrggghhh,298,0.0,23,1
Aarrrggghhh,293,0.0,24,1
Aarrrggghhh,242,0.0,25,1
Aarrrggghhh,241,0.0,26,1
Aarrrggghhh,240,0.0,27,1
Aarrrggghhh,186,0.0,28,1
Aarrrggghhh,163,0.0,29,1
Aarrrggghhh,155,0.0,30,1
Aarrrggghhh,149,0.0,31,1
Aarrrggghhh,147,0.0,32,1
Aarrrggghhh,109,0.0,33,1
Aarrrggghhh,107,0.0,34,1
Aarrrggghhh,106,0.0,35,1
Aarrrggghhh,86,0.0,36,1
Aarrrggghhh,69,0.0,37,1
JeremyR,328,0.0,1,1
JeremyR,327,0.0,2,1
JeremyR,326,0.0,3,1
JeremyR,325,0.0,4,1
JeremyR,323,0.0,5,1
JeremyR,322,0.0,6,1
JeremyR,321,0.0,7,1
JeremyR,320,0.0,8,1
JeremyR,316,0.0,9,1
JeremyR,315,0.0,10,1
JeremyR,314,0.0,11,1
JeremyR,313,0.0,12,1
JeremyR,311,0.0,13,1
JeremyR,310,0.0,14,1
JeremyR,309,0.0,15,1
JeremyR,308,0.0,16,1
JeremyR,307,0.0,17,1
JeremyR,303,0.0,18,1
JeremyR,302,0.0,19,1
JeremyR,301,0.0,20,1
JeremyR,300,0.0,21,1
JeremyR,299,0.0,22,1
JeremyR,298,0.0,23,1
JeremyR,293,0.0,24,1
JeremyR,242,0.0,25,1
JeremyR,241,0.0,26,1
JeremyR,240,0.0,27,1
JeremyR,186,0.0,28,1
JeremyR,163,0.0,29,1
JeremyR,155,0.0,30,1
JeremyR,149,0.0,31,1
JeremyR,147,0.0,32,1
JeremyR,109,0.0,33,1
JeremyR,107,0.0,34,1
JeremyR,106,0.0,35,1
JeremyR,86,0.0,36,1
JeremyR,69,0.0,37,1
Robbot,328,0.0,1,1
Robbot,327,0.0,2,1
Robbot,326,0.0,3,1
Robbot,325,0.0,4,1
Robbot,323,0.0,5,1
Robbot,322,0.0,6,1
Robbot,321,0.0,7,1
Robbot,320,0.0,8,1
Robbot,316,0.0,9,1
Robbot,315,0.0,10,1
Robbot,314,0.0,11,1
Robbot,313,0.0,12,1
Robbot,311,0.0,13,1
Robbot,310,0.0,14,1
Robbot,309,0.0,15,1
Robbot,308,0.0,16,1
Robbot,307,0.0,17,1
Robbot,303,0.0,18,1
Robbot,302,0.0,19,1
Robbot,301,0.0,20,1
Robbot,300,0.0,21,1
Robbot,299,0.0,22,1
Robbot,298,0.0,23,1
Robbot,293,0.0,24,1
Robbot,242,0.0,25,1
Robbot,241,0.0,26,1
Robbot,240,0.0,27,1
Robbot,186,0.0,28,1
Robbot,163,0.0,29,1
Robbot,155,0.0,30,1
Robbot,149,0.0,31,1
Robbot,147,0.0,32,1
Robbot,109,0.0,33,1
Robbot,107,0.0,34,1
Robbot,106,0.0,35,1
Robbot,86,0.0,36,1
Robbot,69,0.0,37,1
Gabbe,328,0.0,1,1
Gabbe,327,0.0,2,1
Gabbe,326,0.0,3,1
Gabbe,325,0.0,4,1
Gabbe,323,0.0,5,1
Gabbe,322,0.0,6,1
Gabbe,321,0.0,7,1
Gabbe,320,0.0,8,1
Gabbe,316,0.0,9,1
Gabbe,315,0.0,10,1
Gabbe,314,0.0,11,1
Gabbe,313,0.0,12,1
Gabbe,311,0.0,13,1
Gabbe,310,0.0,14,1
Gabbe,309,0.0,15,1
Gabbe,308,0.0,16,1
Gabbe,307,0.0,17,1
Gabbe,303,0.0,18,1
Gabbe,302,0.0,19,1
Gabbe,301,0.0,20,1
Gabbe,300,0.0,21,1
Gabbe,299,0.0,22,1
Gabbe,298,0.0,23,1
Gabbe,293,0.0,24,1
Gabbe,242,0.0,25,1
Gabbe,241,0.0,26,1
Gabbe,240,0.0,27,1
Gabbe,186,0.0,28,1
Gabbe,163,0.0,29,1
Gabbe,155,0.0,30,1
Gabbe,149,0.0,31,1
Gabbe,147,0.0,32,1
Gabbe,109,0.0,33,1
Gabbe,107,0.0,34,1
Gabbe,106,0.0,35,1
Gabbe,86,0.0,36,1
Gabbe,69,0.0,37,1
AaronSw,328,0.0,1,1
AaronSw,327,0.0,2,1
AaronSw,326,0.0,3,1
AaronSw,325,0.0,4,1
AaronSw,323,0.0,5,1
AaronSw,322,0.0,6,1
AaronSw,321,0.0,7,1
AaronSw,320,0.0,8,1
AaronSw,316,0.0,9,1
AaronSw,315,0.0,10,1
AaronSw,314,0.0,11,1
AaronSw,313,0.0,12,1
AaronSw,311,0.0,13,1
AaronSw,310,0.0,14,1
AaronSw,309,0.0,15,1
AaronSw,308,0.0,16,1
AaronSw,307,0.0,17,1
AaronSw,303,0.0,18,1
AaronSw,302,0.0,19,1
AaronSw,301,0.0,20,1
AaronSw,300,0.0,21,1
AaronSw,299,0.0,22,1
AaronSw,298,0.0,23,1
AaronSw,293,0.0,24,1
AaronSw,242,0.0,25,1
AaronSw,241,0.0,26,1
AaronSw,240,0.0,27,1
AaronSw,186,0.0,28,1
AaronSw,163,0.0,29,1
AaronSw,155,0.0,30,1
AaronSw,149,0.0,31,1
AaronSw,147,0.0,32,1
AaronSw,109,0.0,33,1
AaronSw,107,0.0,34,1
AaronSw,106,0.0,35,1
AaronSw,86,0.0,36,1
AaronSw,69,0.0,37,1
Guy Peters,328,0.0,1,1
Guy Peters,327,0.0,2,1
Guy Peters,326,0.0,3,1
Guy Peters,325,0.0,4,1
Guy Peters,323,0.0,5,1
Guy Peters,322,0.0,6,1
Guy Peters,321,0.0,7,1
Guy Peters,320,0.0,8,1
Guy Peters,316,0.0,9,1
Guy Peters,315,0.0,10,1
Guy Peters,314,0.0,11,1
Guy Peters,313,0.0,12,1
Guy Peters,311,0.0,13,1
Guy Peters,310,0.0,14,1
Guy Peters,309,0.0,15,1
Guy Peters,308,0.0,16,1
Guy Peters,307,0.0,17,1
Guy Peters,303,0.0,18,1
Guy Peters,302,0.0,19,1
Guy Peters,301,0.0,20,1
Guy Peters,300,0.0,21,1
Guy Peters,299,0.0,22,1
Guy Peters,298,0.0,23,1
Guy Peters,293,0.0,24,1
Guy Peters,242,0.0,25,1
Guy Peters,241,0.0,26,1
Guy Peters,240,0.0,27,1
Guy Peters,186,0.0,28,1
Guy Peters,163,0.0,29,1
Guy Peters,155,0.0,30,1
Guy Peters,149,0.0,31,1
Guy Peters,147,0.0,32,1
Guy Peters,109,0.0,33,1
Guy Peters,107,0.0,34,1
Guy Peters,106,0.0,35,1
Guy Peters,86,0.0,36,1
Guy Peters,69,0.0,37,1
Ionesco,328,0.0,1,3
Ionesco,327,0.0,2,3
Ionesco,326,0.0,3,3
Ionesco,325,0.0,4,3
Ionesco,323,0.0,5,3
Ionesco,322,0.0,6,3
Ionesco,321,0.0,7,3
Ionesco,320,0.0,8,3
Ionesco,316,0.0,9,3
Ionesco,315,0.0,10,3
Ionesco,314,0.0,11,3
Ionesco,313,0.0,12,3
Ionesco,311,0.0,13,3
Ionesco,310,0.0,14,3
Ionesco,309,0.0,15,3
Ionesco,308,0.0,16,3
Ionesco,307,0.0,17,3
Ionesco,303,0.0,18,3
Ionesco,302,0.0,19,3
Ionesco,301,0.0,20,3
Ionesco,300,0.0,21,3
Ionesco,299,0.0,22,3
Ionesco,298,0.0,23,3
Ionesco,293,0.0,24,3
Ionesco,242,0.0,25,3
Ionesco,241,0.0,26,3
Ionesco,240,0.0,27,3
Ionesco,186,0.0,28,3
Ionesco,163,0.0,29,3
Ionesco,155,0.0,30,3
Ionesco,149,0.0,31,3
Ionesco,147,0.0,32,3
Ionesco,109,0.0,33,3
Ionesco,107,0.0,34,3
Ionesco,106,0.0,35,3
Ionesco,86,0.0,36,3
Ionesco,69,0.0,37,3
Aburstein,328,0.0,1,1
Aburstein,327,0.0,2,1
Aburstein,326,0.0,3,1
Aburstein,325,0.0,4,1
Aburstein,323,0.0,5,1
Aburstein,322,0.0,6,1
Aburstein,321,0.0,7,1
Aburstein,320,0.0,8,1
Aburstein,316,0.0,9,1
Aburstein,315,0.0,10,1
Aburstein,314,0.0,11,1
Aburstein,313,0.0,12,1
Aburstein,311,0.0,13,1
Aburstein,310,0.0,14,1
Aburstein,309,0.0,15,1
Aburstein,308,0.0,16,1
Aburstein,307,0.0,17,1
Aburstein,303,0.0,18,1
Aburstein,302,0.0,19,1
Aburstein,301,0.0,20,1
Aburstein,300,0.0,21,1
Aburstein,299,0.0,22,1
Aburstein,298,0.0,23,1
Aburstein,293,0.0,24,1
Aburstein,242,0.0,25,1
Aburstein,241,0.0,26,1
Aburstein,240,0.0,27,1
Aburstein,186,0.0,28,1
Aburstein,163,0.0,29,1
Aburstein,155,0.0,30,1
Aburstein,149,0.0,31,1
Aburstein,147,0.0,32,1
Aburstein,109,0.0,33,1
Aburstein,107,0.0,34,1
Aburstein,106,0.0,35,1
Aburstein,86,0.0,36,1
Aburstein,69,0.0,37,1
SimonP,328,0.0,1,1
SimonP,327,0.0,2,1
SimonP,326,0.0,3,1
SimonP,325,0.0,4,1
SimonP,323,0.0,5,1
SimonP,322,0.0,6,1
SimonP,321,0.0,7,1
SimonP,320,0.0,8,1
SimonP,316,0.0,9,1
SimonP,315,0.0,10,1
SimonP,314,0.0,11,1
SimonP,313,0.0,12,1
SimonP,311,0.0,13,1
SimonP,310,0.0,14,1
SimonP,309,0.0,15,1
SimonP,308,0.0,16,1
SimonP,307,0.0,17,1
SimonP,303,0.0,18,1
SimonP,302,0.0,19,1
SimonP,301,0.0,20,1
SimonP,300,0.0,21,1
SimonP,299,0.0,22,1
SimonP,298,0.0,23,1
SimonP,293,0.0,24,1
SimonP,242,0.0,25,1
SimonP,241,0.0,26,1
SimonP,240,0.0,27,1
SimonP,186,0.0,28,1
SimonP,163,0.0,29,1
SimonP,155,0.0,30,1
SimonP,149,0.0,31,1
SimonP,147,0.0,32,1
SimonP,109,0.0,33,1
SimonP,107,0.0,34,1
SimonP,106,0.0,35,1
SimonP,86,0.0,36,1
SimonP,69,0.0,37,1
Gadfium,328,0.0,1,1
Gadfium,327,0.0,2,1
Gadfium,326,0.0,3,1
Gadfium,325,0.0,4,1
Gadfium,323,0.0,5,1
Gadfium,322,0.0,6,1
Gadfium,321,0.0,7,1
Gadfium,320,0.0,8,1
Gadfium,316,0.0,9,1
Gadfium,315,0.0,10,1
Gadfium,314,0.0,11,1
Gadfium,313,0.0,12,1
Gadfium,311,0.0,13,1
Gadfium,310,0.0,14,1
Gadfium,309,0.0,15,1
Gadfium,308,0.0,16,1
Gadfium,307,0.0,17,1
Gadfium,303,0.0,18,1
Gadfium,302,0.0,19,1
Gadfium,301,0.0,20,1
Gadfium,300,0.0,21,1
Gadfium,299,0.0,22,1
Gadfium,298,0.0,23,1
Gadfium,293,0.0,24,1
Gadfium,242,0.0,25,1
Gadfium,241,0.0,26,1
Gadfium,240,0.0,27,1
Gadfium,186,0.0,28,1
Gadfium,163,0.0,29,1
Gadfium,155,0.0,30,1
Gadfium,149,0.0,31,1
Gadfium,147,0.0,32,1
Gadfium,109,0.0,33,1
Gadfium,107,0.0,34,1
Gadfium,106,0.0,35,1
Gadfium,86,0.0,36,1
Gadfium,69,0.0,37,1
Spangineer,328,0.0,1,1
Spangineer,327,0.0,2,1
Spangineer,326,0.0,3,1
Spangineer,325,0.0,4,1
Spangineer,323,0.0,5,1
Spangineer,322,0.0,6,1
Spangineer,321,0.0,7,1
Spangineer,320,0.0,8,1
Spangineer,316,0.0,9,1
Spangineer,315,0.0,10,1
Spangineer,314,0.0,11,1
Spangineer,313,0.0,12,1
Spangineer,311,0.0,13,1
Spangineer,310,0.0,14,1
Spangineer,309,0.0,15,1
Spangineer,308,0.0,16,1
Spangineer,307,0.0,17,1
Spangineer,303,0.0,18,1
Spangineer,302,0.0,19,1
Spangineer,301,0.0,20,1
Spangineer,300,0.0,21,1
Spangineer,299,0.0,22,1
Spangineer,298,0.0,23,1
Spangineer,293,0.0,24,1
Spangineer,242,0.0,25,1
Spangineer,241,0.0,26,1
Spangineer,240,0.0,27,1
Spangineer,186,0.0,28,1
Spangineer,163,0.0,29,1
Spangineer,155,0.0,30,1
Spangineer,149,0.0,31,1
Spangineer,147,0.0,32,1
Spangineer,109,0.0,33,1
Spangineer,107,0.0,34,1
Spangineer,106,0.0,35,1
Spangineer,86,0.0,36,1
Spangineer,69,0.0,37,1
Zosodada,69,9.40647341819,1,9
Zosodada,86,8.29002735069,2,9
Zosodada,107,6.23647857263,3,9
Zosodada,106,5.49818868246,4,9
Zosodada,109,4.95342603571,5,9
Zosodada,147,3.46541799908,6,9
Zosodada,163,3.1135710946,7,9
Zosodada,149,2.77251089104,8,9
Zosodada,155,2.58968978263,9,9
Zosodada,186,2.29030701943,10,9
Zosodada,326,1.88861101498,11,9
Zosodada,325,1.88861101498,12,9
Zosodada,241,1.88742586855,13,9
Zosodada,242,1.81184461246,14,9
Zosodada,240,1.74171925249,15,9
Zosodada,301,1.55971070853,16,9
Zosodada,300,1.55971070853,17,9
Zosodada,316,1.53748205453,18,9
Zosodada,315,1.53748205453,19,9
Zosodada,313,1.53748205453,20,9
Zosodada,302,1.53748205453,21,9
Zosodada,299,1.53748205453,22,9
Zosodada,293,1.53334207277,23,9
Zosodada,323,1.51127325287,24,9
Zosodada,322,1.51127325287,25,9
Zosodada,320,1.51127325287,26,9
Zosodada,303,1.4641060326,27,9
Zosodada,298,1.4641060326,28,9
Zosodada,310,1.39087872557,29,9
Zosodada,309,1.39087872557,30,9
Zosodada,314,1.31750270364,31,9
Zosodada,321,1.30685322263,32,9
Zosodada,311,1.30685322263,33,9
Zosodada,307,1.21066161208,34,9
Zosodada,308,1.16349439182,35,9
Zosodada,327,1.01077186384,36,9
Zosodada,328,0.433983564793,37,9
Paradiso,69,1.03565640921,1,1
Paradiso,86,0.887114989346,2,1
Paradiso,163,0.597248528399,3,1
Paradiso,326,0.5188394229,4,1
Paradiso,325,0.5188394229,5,1
Paradiso,107,0.365655689074,6,1
Paradiso,109,0.268416234689,7,1
Paradiso,147,0.248013721376,8,1
Paradiso,106,0.243770459383,9,1
Paradiso,155,0.224154028283,10,1
Paradiso,149,0.200294335191,11,1
Paradiso,241,0.188668881054,12,1
Paradiso,186,0.17698680802,13,1
Paradiso,323,0.141501660791,14,1
Paradiso,322,0.141501660791,15,1
Paradiso,320,0.141501660791,16,1
Paradiso,316,0.141501660791,17,1
Paradiso,315,0.141501660791,18,1
Paradiso,313,0.141501660791,19,1
Paradiso,310,0.141501660791,20,1
Paradiso,309,0.141501660791,21,1
Paradiso,307,0.141501660791,22,1
Paradiso,302,0.141501660791,23,1
Paradiso,301,0.141501660791,24,1
Paradiso,300,0.141501660791,25,1
Paradiso,299,0.141501660791,26,1
Paradiso,242,0.141501660791,27,1
Paradiso,240,0.141501660791,28,1
Paradiso,321,0.0943344405272,29,1
Paradiso,314,0.0943344405272,30,1
Paradiso,311,0.0943344405272,31,1
Paradiso,308,0.0943344405272,32,1
Paradiso,303,0.0943344405272,33,1
Paradiso,298,0.0943344405272,34,1
Paradiso,293,0.0943344405272,35,1
Paradiso,327,0.0466150543417,36,1
Paradiso,328,0.0,37,1
Parallelstripes,69,1.03565640921,1,1
Parallelstripes,86,0.887114989346,2,1
Parallelstripes,163,0.597248528399,3,1
Parallelstripes,326,0.5188394229,4,1
Parallelstripes,325,0.5188394229,5,1
Parallelstripes,107,0.365655689074,6,1
Parallelstripes,109,0.268416234689,7,1
Parallelstripes,147,0.248013721376,8,1
Parallelstripes,106,0.243770459383,9,1
Parallelstripes,155,0.224154028283,10,1
Parallelstripes,149,0.200294335191,11,1
Parallelstripes,241,0.188668881054,12,1
Parallelstripes,186,0.17698680802,13,1
Parallelstripes,323,0.141501660791,14,1
Parallelstripes,322,0.141501660791,15,1
Parallelstripes,320,0.141501660791,16,1
Parallelstripes,316,0.141501660791,17,1
Parallelstripes,315,0.141501660791,18,1
Parallelstripes,313,0.141501660791,19,1
Parallelstripes,310,0.141501660791,20,1
Parallelstripes,309,0.141501660791,21,1
Parallelstripes,307,0.141501660791,22,1
Parallelstripes,302,0.141501660791,23,1
Parallelstripes,301,0.141501660791,24,1
Parallelstripes,300,0.141501660791,25,1
Parallelstripes,299,0.141501660791,26,1
Parallelstripes,242,0.141501660791,27,1
Parallelstripes,240,0.141501660791,28,1
Parallelstripes,321,0.0943344405272,29,1
Parallelstripes,314,0.0943344405272,30,1
Parallelstripes,311,0.0943344405272,31,1
Parallelstripes,308,0.0943344405272,32,1
Parallelstripes,303,0.0943344405272,33,1
Parallelstripes,298,0.0943344405272,34,1
Parallelstripes,293,0.0943344405272,35,1
Parallelstripes,327,0.0466150543417,36,1
Parallelstripes,328,0.0,37,1
Wikibob,69,1.91737622814,1,1
Wikibob,86,1.6953581567,2,1
Wikibob,163,0.597248528399,3,1
Wikibob,326,0.5188394229,4,1
Wikibob,325,0.5188394229,5,1
Wikibob,107,0.365655689074,6,1
Wikibob,109,0.268416234689,7,1
Wikibob,147,0.248013721376,8,1
Wikibob,106,0.243770459383,9,1
Wikibob,155,0.224154028283,10,1
Wikibob,149,0.200294335191,11,1
Wikibob,241,0.188668881054,12,1
Wikibob,186,0.17698680802,13,1
Wikibob,323,0.141501660791,14,1
Wikibob,322,0.141501660791,15,1
Wikibob,320,0.141501660791,16,1
Wikibob,316,0.141501660791,17,1
Wikibob,315,0.141501660791,18,1
Wikibob,313,0.141501660791,19,1
Wikibob,310,0.141501660791,20,1
Wikibob,309,0.141501660791,21,1
Wikibob,307,0.141501660791,22,1
Wikibob,302,0.141501660791,23,1
Wikibob,301,0.141501660791,24,1
Wikibob,300,0.141501660791,25,1
Wikibob,299,0.141501660791,26,1
Wikibob,242,0.141501660791,27,1
Wikibob,240,0.141501660791,28,1
Wikibob,321,0.0943344405272,29,1
Wikibob,314,0.0943344405272,30,1
Wikibob,311,0.0943344405272,31,1
Wikibob,308,0.0943344405272,32,1
Wikibob,303,0.0943344405272,33,1
Wikibob,298,0.0943344405272,34,1
Wikibob,293,0.0943344405272,35,1
Wikibob,327,0.0466150543417,36,1
Wikibob,328,0.0,37,1
Rlquall,86,3.254574335,1,3
Rlquall,69,2.20353340434,2,3
Rlquall,107,1.87600397504,3,3
Rlquall,109,1.68214264422,4,3
Rlquall,163,1.41883930048,5,3
Rlquall,106,1.35134870458,6,3
Rlquall,147,1.13360369359,7,3
Rlquall,149,1.04411376128,8,3
Rlquall,155,1.01953599871,9,3
Rlquall,326,0.736257576417,10,3
Rlquall,325,0.736257576417,11,3
Rlquall,241,0.454524490235,12,3
Rlquall,301,0.407357269972,13,3
Rlquall,300,0.407357269972,14,3
Rlquall,242,0.403377122311,15,3
Rlquall,316,0.38512861597,16,3
Rlquall,315,0.38512861597,17,3
Rlquall,313,0.38512861597,18,3
Rlquall,310,0.38512861597,19,3
Rlquall,309,0.38512861597,20,3
Rlquall,302,0.38512861597,21,3
Rlquall,299,0.38512861597,22,3
Rlquall,186,0.370880134879,23,3
Rlquall,323,0.358919814308,24,3
Rlquall,322,0.358919814308,25,3
Rlquall,320,0.358919814308,26,3
Rlquall,307,0.358919814308,27,3
Rlquall,240,0.358919814308,28,3
Rlquall,293,0.333981248046,29,3
Rlquall,314,0.311752594044,30,3
Rlquall,308,0.311752594044,31,3
Rlquall,303,0.311752594044,32,3
Rlquall,298,0.311752594044,33,3
Rlquall,321,0.233126189058,34,3
Rlquall,311,0.233126189058,35,3
Rlquall,327,0.216313821673,36,3
Rlquall,328,0.0444573080037,37,3
Astrophizz,86,2.48206934122,1,1
Astrophizz,69,1.08800699104,2,1
Astrophizz,163,0.751455730314,3,1
Astrophizz,107,0.686914475445,4,1
Astrophizz,326,0.571257026224,5,1
Astrophizz,325,0.571257026224,6,1
Astrophizz,106,0.474821243965,7,1
Astrophizz,109,0.473258217609,8,1
Astrophizz,147,0.466220123418,9,1
Astrophizz,149,0.354501537106,10,1
Astrophizz,155,0.352152428536,11,1
Astrophizz,241,0.26729528604,12,1
Astrophizz,316,0.220128065777,13,1
Astrophizz,315,0.220128065777,14,1
Astrophizz,313,0.220128065777,15,1
Astrophizz,310,0.220128065777,16,1
Astrophizz,309,0.220128065777,17,1
Astrophizz,302,0.220128065777,18,1
Astrophizz,301,0.220128065777,19,1
Astrophizz,300,0.220128065777,20,1
Astrophizz,299,0.220128065777,21,1
Astrophizz,323,0.193919264115,22,1
Astrophizz,322,0.193919264115,23,1
Astrophizz,320,0.193919264115,24,1
Astrophizz,307,0.193919264115,25,1
Astrophizz,242,0.193919264115,26,1
Astrophizz,240,0.193919264115,27,1
Astrophizz,186,0.17698680802,28,1
Astrophizz,314,0.146752043851,29,1
Astrophizz,308,0.146752043851,30,1
Astrophizz,303,0.146752043851,31,1
Astrophizz,298,0.146752043851,32,1
Astrophizz,293,0.146752043851,33,1
Astrophizz,327,0.0990326576656,34,1
Astrophizz,321,0.0943344405272,35,1
Astrophizz,311,0.0943344405272,36,1
Astrophizz,328,0.0,37,1
Toecutter,86,2.21731580048,1,1
Toecutter,107,1.2128816238,2,1
Toecutter,69,1.1850182828,3,1
Toecutter,109,0.984997695878,4,1
Toecutter,163,0.831929139048,5,1
Toecutter,106,0.726016751813,6,1
Toecutter,326,0.615714334227,7,1
Toecutter,325,0.615714334227,8,1
Toecutter,147,0.508903133687,9,1
Toecutter,149,0.457203599841,10,1
Toecutter,155,0.43262583727,11,1
Toecutter,241,0.333981248046,12,1
Toecutter,301,0.286814027782,13,1
Toecutter,300,0.286814027782,14,1
Toecutter,242,0.282833880122,15,1
Toecutter,316,0.26458537378,16,1
Toecutter,315,0.26458537378,17,1
Toecutter,313,0.26458537378,18,1
Toecutter,310,0.26458537378,19,1
Toecutter,309,0.26458537378,20,1
Toecutter,302,0.26458537378,21,1
Toecutter,299,0.26458537378,22,1
Toecutter,323,0.238376572118,23,1
Toecutter,322,0.238376572118,24,1
Toecutter,320,0.238376572118,25,1
Toecutter,307,0.238376572118,26,1
Toecutter,240,0.238376572118,27,1
Toecutter,186,0.221444116024,28,1
Toecutter,293,0.213438005857,29,1
Toecutter,314,0.191209351855,30,1
Toecutter,308,0.191209351855,31,1
Toecutter,303,0.191209351855,32,1
Toecutter,298,0.191209351855,33,1
Toecutter,327,0.143489965669,34,1
Toecutter,321,0.138791748531,35,1
Toecutter,311,0.138791748531,36,1
Toecutter,328,0.0444573080037,37,1
Jun-Dai,86,14.6409132668,1,10
Jun-Dai,69,8.75762480009,2,10
Jun-Dai,107,8.63394991316,3,10
Jun-Dai,109,8.36535602577,4,10
Jun-Dai,106,7.76917373576,5,10
Jun-Dai,149,4.41242057946,6,10
Jun-Dai,163,4.24721755557,7,10
Jun-Dai,147,3.97191749869,8,10
Jun-Dai,155,3.91439246995,9,10
Jun-Dai,186,3.47932656276,10,10
Jun-Dai,241,2.53971296578,11,10
Jun-Dai,242,2.49034051136,12,10
Jun-Dai,301,2.41800991722,13,10
Jun-Dai,300,2.41800991722,14,10
Jun-Dai,302,2.39578126322,15,10
Jun-Dai,299,2.39578126322,16,10
Jun-Dai,298,2.34861404296,17,10
Jun-Dai,326,2.32856508353,18,10
Jun-Dai,325,2.32856508353,19,10
Jun-Dai,240,1.97566120958,20,10
Jun-Dai,293,1.95891970162,21,10
Jun-Dai,323,1.95122732142,22,10
Jun-Dai,322,1.95122732142,23,10
Jun-Dai,320,1.95122732142,24,10
Jun-Dai,316,1.95122732142,25,10
Jun-Dai,315,1.95122732142,26,10
Jun-Dai,313,1.95122732142,27,10
Jun-Dai,321,1.90406010116,28,10
Jun-Dai,311,1.90406010116,29,10
Jun-Dai,303,1.90406010116,30,10
Jun-Dai,327,1.64160347714,31,10
Jun-Dai,310,1.53585122271,32,10
Jun-Dai,309,1.53585122271,33,10
Jun-Dai,314,1.48868400245,34,10
Jun-Dai,328,1.38522067826,35,10
Jun-Dai,307,1.09949433921,36,10
Jun-Dai,308,1.05232711894,37,10
Shamrok,86,1.78953043964,1,1
Shamrok,107,1.44549955937,2,1
Shamrok,109,1.26783783909,3,1
Shamrok,163,1.03325137798,4,1
Shamrok,106,0.999685587027,5,1
Shamrok,69,0.993829155901,6,1
Shamrok,326,0.828811047698,7,1
Shamrok,325,0.828811047698,8,1
Shamrok,149,0.64241173126,9,1
Shamrok,147,0.638795013505,10,1
Shamrok,155,0.581269984763,11,1
Shamrok,241,0.573176334143,12,1
Shamrok,242,0.50157522572,13,1
Shamrok,186,0.496070624783,14,1
Shamrok,240,0.475907173749,15,1
Shamrok,323,0.451473285589,16,1
Shamrok,322,0.451473285589,17,1
Shamrok,320,0.451473285589,18,1
Shamrok,316,0.451473285589,19,1
Shamrok,315,0.451473285589,20,1
Shamrok,313,0.451473285589,21,1
Shamrok,302,0.451473285589,22,1
Shamrok,301,0.451473285589,23,1
Shamrok,300,0.451473285589,24,1
Shamrok,299,0.451473285589,25,1
Shamrok,321,0.404306065326,26,1
Shamrok,311,0.404306065326,27,1
Shamrok,303,0.404306065326,28,1
Shamrok,298,0.404306065326,29,1
Shamrok,310,0.40260550927,30,1
Shamrok,309,0.40260550927,31,1
Shamrok,293,0.377403849544,32,1
Shamrok,327,0.35658667914,33,1
Shamrok,314,0.355438289006,34,1
Shamrok,307,0.351269405328,35,1
Shamrok,308,0.304102185065,36,1
Shamrok,328,0.100203880261,37,1
Pharos,86,2.53808730419,1,1
Pharos,107,1.69785548039,2,1
Pharos,69,1.19800531826,3,1
Pharos,109,1.13491367722,4,1
Pharos,106,0.955672213515,5,1
Pharos,163,0.823483633446,6,1
Pharos,326,0.61904330316,7,1
Pharos,325,0.61904330316,8,1
Pharos,149,0.521554775082,9,1
Pharos,147,0.488301127873,10,1
Pharos,155,0.430776099132,11,1
Pharos,241,0.422682448512,12,1
Pharos,242,0.351081340088,13,1
Pharos,302,0.300979399958,14,1
Pharos,301,0.300979399958,15,1
Pharos,300,0.300979399958,16,1
Pharos,299,0.300979399958,17,1
Pharos,186,0.286302880246,18,1
Pharos,240,0.266139429211,19,1
Pharos,298,0.253812179694,20,1
Pharos,323,0.241705541052,21,1
Pharos,322,0.241705541052,22,1
Pharos,320,0.241705541052,23,1
Pharos,316,0.241705541052,24,1
Pharos,315,0.241705541052,25,1
Pharos,313,0.241705541052,26,1
Pharos,293,0.226909963913,27,1
Pharos,321,0.194538320788,28,1
Pharos,311,0.194538320788,29,1
Pharos,303,0.194538320788,30,1
Pharos,310,0.192837764732,31,1
Pharos,309,0.192837764732,32,1
Pharos,327,0.146818934602,33,1
Pharos,314,0.145670544468,34,1
Pharos,307,0.141501660791,35,1
Pharos,328,0.100203880261,36,1
Pharos,308,0.0943344405272,37,1
Mel Etitis,86,9.78421957029,1,3
Mel Etitis,107,5.10375985897,2,3
Mel Etitis,69,4.5537448155,3,3
Mel Etitis,109,4.36178029986,4,3
Mel Etitis,106,4.13538950769,5,3
Mel Etitis,163,2.14372537207,6,3
Mel Etitis,149,1.95328524253,7,3
Mel Etitis,147,1.93989633914,8,3
Mel Etitis,155,1.79216330861,9,3
Mel Etitis,186,1.19147864988,10,3
Mel Etitis,326,1.1549717293,11,3
Mel Etitis,325,1.1549717293,12,3
Mel Etitis,241,1.12497616468,13,3
Mel Etitis,242,1.04939490859,14,3
Mel Etitis,301,0.914982211211,15,3
Mel Etitis,300,0.914982211211,16,3
Mel Etitis,302,0.892753557209,17,3
Mel Etitis,299,0.892753557209,18,3
Mel Etitis,240,0.89035876026,19,3
Mel Etitis,293,0.822228472838,20,3
Mel Etitis,298,0.819377535284,21,3
Mel Etitis,316,0.80384276885,22,3
Mel Etitis,315,0.80384276885,23,3
Mel Etitis,313,0.80384276885,24,3
Mel Etitis,323,0.777633967188,25,3
Mel Etitis,322,0.777633967188,26,3
Mel Etitis,320,0.777633967188,27,3
Mel Etitis,303,0.730466746924,28,3
Mel Etitis,310,0.706107216211,29,3
Mel Etitis,309,0.706107216211,30,3
Mel Etitis,321,0.6780491436,31,3
Mel Etitis,311,0.6780491436,32,3
Mel Etitis,327,0.635027974553,33,3
Mel Etitis,314,0.632731194285,34,3
Mel Etitis,307,0.577226206666,35,3
Mel Etitis,308,0.530058986403,36,3
Mel Etitis,328,0.489380262546,37,3
Noirish,86,9.9113202001,1,6
Noirish,107,9.24568099302,2,6
Noirish,69,8.47233671659,3,6
Noirish,106,7.07606553572,4,6
Noirish,147,6.93290161769,5,6
Noirish,109,6.8728491878,6,6
Noirish,149,6.1019349804,7,6
Noirish,155,5.8388311486,8,6
Noirish,163,5.47516983813,9,6
Noirish,186,4.72038226179,10,6
Noirish,241,4.52947272801,11,6
Noirish,242,4.25837517076,12,6
Noirish,240,3.52411420856,13,6
Noirish,293,2.34271608803,14,6
Noirish,302,2.32904042815,15,6
Noirish,299,2.32904042815,16,6
Noirish,301,2.1942872483,17,6
Noirish,300,2.1942872483,18,6
Noirish,326,2.16817638711,19,6
Noirish,325,2.16817638711,20,6
Noirish,298,2.06350237056,21,6
Noirish,316,1.85544468176,22,6
Noirish,315,1.85544468176,23,6
Noirish,313,1.85544468176,24,6
Noirish,303,1.73749614657,25,6
Noirish,309,1.61209199361,26,6
Noirish,311,1.51128021918,27,6
Noirish,323,1.50259557149,28,6
Noirish,322,1.50259557149,29,6
Noirish,320,1.50259557149,30,6
Noirish,307,1.40620682816,31,6
Noirish,310,1.285451685,32,6
Noirish,327,1.25045615507,33,6
Noirish,314,1.19896441361,34,6
Noirish,321,1.18463991057,35,6
Noirish,308,1.16687757222,36,6
Noirish,328,1.00867705989,37,6
MisterSpooky,86,3.35578166782,1,1
MisterSpooky,107,2.92415887841,2,1
MisterSpooky,109,2.45348211103,3,1
MisterSpooky,69,1.89526724354,4,1
MisterSpooky,106,1.52847383638,5,1
MisterSpooky,147,1.35809881768,6,1
MisterSpooky,163,1.1160460091,7,1
MisterSpooky,149,0.868418160931,8,1
MisterSpooky,155,0.809968434896,9,1
MisterSpooky,326,0.664582110547,10,1
MisterSpooky,325,0.664582110547,11,1
MisterSpooky,241,0.579281564504,12,1
MisterSpooky,242,0.503700308421,13,1
MisterSpooky,186,0.463932057813,14,1
MisterSpooky,293,0.404874132518,15,1
MisterSpooky,240,0.39996914151,16,1
MisterSpooky,301,0.394955663008,17,1
MisterSpooky,300,0.394955663008,18,1
MisterSpooky,302,0.372727009006,19,1
MisterSpooky,299,0.372727009006,20,1
MisterSpooky,316,0.3134531501,21,1
MisterSpooky,315,0.3134531501,22,1
MisterSpooky,313,0.3134531501,23,1
MisterSpooky,298,0.299350987081,24,1
MisterSpooky,323,0.287244348438,25,1
MisterSpooky,322,0.287244348438,26,1
MisterSpooky,320,0.287244348438,27,1
MisterSpooky,310,0.26458537378,28,1
MisterSpooky,309,0.26458537378,29,1
MisterSpooky,303,0.240077128174,30,1
MisterSpooky,307,0.238376572118,31,1
MisterSpooky,327,0.192357741989,32,1
MisterSpooky,314,0.191209351855,33,1
MisterSpooky,308,0.191209351855,34,1
MisterSpooky,321,0.18765952485,35,1
MisterSpooky,311,0.18765952485,36,1
MisterSpooky,328,0.0933250843231,37,1
Hoary,86,3.72560094746,1,1
Hoary,107,3.24797188852,2,1
Hoary,109,2.82132341125,3,1
Hoary,69,2.02820270891,4,1
Hoary,106,1.87245544351,5,1
Hoary,147,1.3453124128,6,1
Hoary,163,0.908690963404,7,1
Hoary,149,0.903351142238,8,1
Hoary,155,0.82104172311,9,1
Hoary,186,0.49886503912,10,1
Hoary,241,0.483842792133,11,1
Hoary,242,0.432121229142,12,1
Hoary,326,0.402125486526,13,1
Hoary,325,0.402125486526,14,1
Hoary,293,0.357154746332,15,1
Hoary,240,0.328390062232,16,1
Hoary,301,0.32337658373,17,1
Hoary,300,0.32337658373,18,1
Hoary,302,0.301147929728,19,1
Hoary,299,0.301147929728,20,1
Hoary,298,0.251631600895,21,1
Hoary,316,0.241874070822,22,1
Hoary,315,0.241874070822,23,1
Hoary,313,0.241874070822,24,1
Hoary,323,0.21566526916,25,1
Hoary,322,0.21566526916,26,1
Hoary,320,0.21566526916,27,1
Hoary,310,0.193006294502,28,1
Hoary,309,0.193006294502,29,1
Hoary,327,0.192357741989,30,1
Hoary,303,0.192357741989,31,1
Hoary,307,0.16679749284,32,1
Hoary,314,0.143489965669,33,1
Hoary,308,0.143489965669,34,1
Hoary,321,0.139940138665,35,1
Hoary,311,0.139940138665,36,1
Hoary,328,0.0933250843231,37,1
Tastemyhouse,86,3.17047379021,1,1
Tastemyhouse,107,2.35122801911,2,1
Tastemyhouse,109,1.88187745283,3,1
Tastemyhouse,69,1.47307555166,4,1
Tastemyhouse,106,1.40273246429,5,1
Tastemyhouse,147,1.3453124128,6,1
Tastemyhouse,163,0.908690963404,7,1
Tastemyhouse,149,0.903351142238,8,1
Tastemyhouse,155,0.82104172311,9,1
Tastemyhouse,186,0.49886503912,10,1
Tastemyhouse,241,0.483842792133,11,1
Tastemyhouse,242,0.432121229142,12,1
Tastemyhouse,326,0.402125486526,13,1
Tastemyhouse,325,0.402125486526,14,1
Tastemyhouse,293,0.357154746332,15,1
Tastemyhouse,240,0.328390062232,16,1
Tastemyhouse,301,0.32337658373,17,1
Tastemyhouse,300,0.32337658373,18,1
Tastemyhouse,302,0.301147929728,19,1
Tastemyhouse,299,0.301147929728,20,1
Tastemyhouse,298,0.251631600895,21,1
Tastemyhouse,316,0.241874070822,22,1
Tastemyhouse,315,0.241874070822,23,1
Tastemyhouse,313,0.241874070822,24,1
Tastemyhouse,323,0.21566526916,25,1
Tastemyhouse,322,0.21566526916,26,1
Tastemyhouse,320,0.21566526916,27,1
Tastemyhouse,310,0.193006294502,28,1
Tastemyhouse,309,0.193006294502,29,1
Tastemyhouse,327,0.192357741989,30,1
Tastemyhouse,303,0.192357741989,31,1
Tastemyhouse,307,0.16679749284,32,1
Tastemyhouse,314,0.143489965669,33,1
Tastemyhouse,308,0.143489965669,34,1
Tastemyhouse,321,0.139940138665,35,1
Tastemyhouse,311,0.139940138665,36,1
Tastemyhouse,328,0.0933250843231,37,1
ThomasK,86,2.92613490861,1,1
ThomasK,107,2.35122801911,2,1
ThomasK,109,1.56423690675,3,1
ThomasK,69,1.3264722227,4,1
ThomasK,147,1.27201074832,5,1
ThomasK,106,1.08509191822,6,1
ThomasK,163,0.835389298925,7,1
ThomasK,149,0.830049477759,8,1
ThomasK,155,0.747740058631,9,1
ThomasK,186,0.425563374641,10,1
ThomasK,241,0.386107239494,11,1
ThomasK,242,0.358819564663,12,1
ThomasK,326,0.353257710207,13,1
ThomasK,325,0.353257710207,14,1
ThomasK,293,0.283853081853,15,1
ThomasK,301,0.27450880741,16,1
ThomasK,300,0.27450880741,17,1
ThomasK,240,0.255088397753,18,1
ThomasK,302,0.252280153409,19,1
ThomasK,299,0.252280153409,20,1
ThomasK,298,0.202763824576,21,1
ThomasK,316,0.193006294502,22,1
ThomasK,315,0.193006294502,23,1
ThomasK,313,0.193006294502,24,1
ThomasK,310,0.193006294502,25,1
ThomasK,309,0.193006294502,26,1
ThomasK,323,0.16679749284,27,1
ThomasK,322,0.16679749284,28,1
ThomasK,320,0.16679749284,29,1
ThomasK,307,0.16679749284,30,1
ThomasK,327,0.143489965669,31,1
ThomasK,314,0.143489965669,32,1
ThomasK,308,0.143489965669,33,1
ThomasK,303,0.143489965669,34,1
ThomasK,321,0.0910723623454,35,1
ThomasK,311,0.0910723623454,36,1
ThomasK,328,0.0444573080037,37,1
M7,86,3.18859153263,1,1
M7,107,2.49438617767,2,1
M7,69,1.660507926,3,1
M7,109,1.63581598603,4,1
M7,147,1.3674495207,5,1
M7,106,1.18053069059,6,1
M7,163,1.09784592295,7,1
M7,149,0.877768863945,8,1
M7,155,0.819319137909,9,1
M7,326,0.615714334227,10,1
M7,325,0.615714334227,11,1
M7,241,0.481546011865,12,1
M7,186,0.473282760827,13,1
M7,242,0.430398643941,14,1
M7,301,0.346087886689,15,1
M7,300,0.346087886689,16,1
M7,293,0.331572468038,17,1
M7,240,0.326667477031,18,1
M7,302,0.323859232687,19,1
M7,299,0.323859232687,20,1
M7,316,0.26458537378,21,1
M7,315,0.26458537378,22,1
M7,313,0.26458537378,23,1
M7,310,0.26458537378,24,1
M7,309,0.26458537378,25,1
M7,298,0.250483210761,26,1
M7,323,0.238376572118,27,1
M7,322,0.238376572118,28,1
M7,320,0.238376572118,29,1
M7,307,0.238376572118,30,1
M7,314,0.191209351855,31,1
M7,308,0.191209351855,32,1
M7,303,0.191209351855,33,1
M7,327,0.143489965669,34,1
M7,321,0.138791748531,35,1
M7,311,0.138791748531,36,1
M7,328,0.0444573080037,37,1
Kevin Myers,86,7.07385611189,1,4
Kevin Myers,107,6.14552678364,2,4
Kevin Myers,69,5.31261022076,3,4
Kevin Myers,109,5.27010958973,4,4
Kevin Myers,147,5.12371123786,5,4
Kevin Myers,106,3.82749375811,6,4
Kevin Myers,155,3.43946687108,7,4
Kevin Myers,149,3.23133749247,8,4
Kevin Myers,163,2.88704242245,9,4
Kevin Myers,186,2.61229236947,10,4
Kevin Myers,241,1.50053848154,11,4
Kevin Myers,242,1.42160295996,12,4
Kevin Myers,326,1.26489766442,13,4
Kevin Myers,325,1.26489766442,14,4
Kevin Myers,293,1.19009108468,15,4
Kevin Myers,240,1.17712931374,16,4
Kevin Myers,302,1.1209891602,17,4
Kevin Myers,299,1.1209891602,18,4
Kevin Myers,298,1.04761313827,19,4
Kevin Myers,316,0.913768703973,20,4
Kevin Myers,315,0.913768703973,21,4
Kevin Myers,313,0.913768703973,22,4
Kevin Myers,310,0.899502848455,23,4
Kevin Myers,309,0.899502848455,24,4
Kevin Myers,303,0.899428491009,25,4
Kevin Myers,323,0.887559902311,26,4
Kevin Myers,322,0.887559902311,27,4
Kevin Myers,320,0.887559902311,28,4
Kevin Myers,301,0.855417785458,29,4
Kevin Myers,300,0.855417785458,30,4
Kevin Myers,307,0.821957942852,31,4
Kevin Myers,308,0.774790722588,32,4
Kevin Myers,314,0.767091017568,33,4
Kevin Myers,327,0.744953909676,34,4
Kevin Myers,321,0.7355574754,35,4
Kevin Myers,311,0.7355574754,36,4
Kevin Myers,328,0.523581067174,37,4
Menyo,86,5.22460161897,1,4
Menyo,107,4.4662227051,2,4
Menyo,69,3.69328139283,3,4
Menyo,109,3.60598140571,4,4
Menyo,147,3.38290588843,5,4
Menyo,106,3.15236721802,6,4
Menyo,163,2.87157238413,7,4
Menyo,155,2.68195638745,8,4
Menyo,186,1.96564337797,9,4
Menyo,149,1.82438946708,10,4
Menyo,241,0.94556173292,11,4
Menyo,326,0.90252836201,12,4
Menyo,325,0.90252836201,13,4
Menyo,242,0.894414364996,14,4
Menyo,293,0.795588189093,15,4
Menyo,301,0.721812702831,16,4
Menyo,300,0.721812702831,17,4
Menyo,240,0.701772409726,18,4
Menyo,302,0.699584048829,19,4
Menyo,299,0.699584048829,20,4
Menyo,298,0.626208026903,21,4
Menyo,316,0.551399401563,22,4
Menyo,315,0.551399401563,23,4
Menyo,313,0.551399401563,24,4
Menyo,310,0.551399401563,25,4
Menyo,309,0.551399401563,26,4
Menyo,323,0.525190599901,27,4
Menyo,322,0.525190599901,28,4
Menyo,320,0.525190599901,29,4
Menyo,307,0.525190599901,30,4
Menyo,314,0.478023379637,31,4
Menyo,308,0.478023379637,32,4
Menyo,303,0.478023379637,33,4
Menyo,327,0.358724914173,34,4
Menyo,321,0.346979371327,35,4
Menyo,311,0.346979371327,36,4
Menyo,328,0.111143270009,37,4
Ori.shammah,86,4.30594680792,1,3
Ori.shammah,107,3.42749801809,2,3
Ori.shammah,109,2.9824635056,3,3
Ori.shammah,69,2.87919610627,4,3
Ori.shammah,147,2.84022042994,5,3
Ori.shammah,106,2.63194939947,6,3
Ori.shammah,155,2.41142218658,7,3
Ori.shammah,149,2.08675750274,8,3
Ori.shammah,186,1.81057768363,9,3
Ori.shammah,163,1.71421706111,10,3
Ori.shammah,241,1.23710356351,11,3
Ori.shammah,242,1.15586409604,12,3
Ori.shammah,293,1.05137970875,13,3
Ori.shammah,240,0.992859070226,14,3
Ori.shammah,301,0.958740942875,15,3
Ori.shammah,300,0.958740942875,16,3
Ori.shammah,302,0.936512288873,17,3
Ori.shammah,299,0.936512288873,18,3
Ori.shammah,298,0.88699596004,19,3
Ori.shammah,303,0.768448242227,20,3
Ori.shammah,310,0.720229018421,21,3
Ori.shammah,309,0.720229018421,22,3
Ori.shammah,307,0.694020216759,23,3
Ori.shammah,308,0.670712689588,24,3
Ori.shammah,326,0.594483228515,25,3
Ori.shammah,325,0.594483228515,26,3
Ori.shammah,316,0.43423181281,27,3
Ori.shammah,315,0.43423181281,28,3
Ori.shammah,313,0.43423181281,29,3
Ori.shammah,323,0.408023011148,30,3
Ori.shammah,322,0.408023011148,31,3
Ori.shammah,320,0.408023011148,32,3
Ori.shammah,327,0.384715483978,33,3
Ori.shammah,314,0.286979931339,34,3
Ori.shammah,321,0.27988027733,35,3
Ori.shammah,311,0.27988027733,36,3
Ori.shammah,328,0.186650168646,37,3
Ceyockey,86,3.33629093554,1,1
Ceyockey,107,2.70451698906,2,1
Ceyockey,109,2.3159210024,3,1
Ceyockey,69,2.20637995859,4,1
Ceyockey,147,2.06198646451,5,1
Ceyockey,106,1.97141339798,6,1
Ceyockey,155,1.71819978621,7,1
Ceyockey,149,1.65942928826,8,1
Ceyockey,163,1.50763513223,9,1
Ceyockey,186,1.4325323402,10,1
Ceyockey,241,0.881821584267,11,1
Ceyockey,242,0.826790918458,12,1
Ceyockey,240,0.755653713293,13,1
Ceyockey,293,0.36377295197,14,1
Ceyockey,326,0.349707883203,15,1
Ceyockey,325,0.349707883203,16,1
Ceyockey,301,0.303785987705,17,1
Ceyockey,300,0.303785987705,18,1
Ceyockey,302,0.281557333704,19,1
Ceyockey,299,0.281557333704,20,1
Ceyockey,298,0.258249806533,21,1
Ceyockey,303,0.198975947626,22,1
Ceyockey,310,0.173415698478,23,1
Ceyockey,309,0.173415698478,24,1
Ceyockey,307,0.173415698478,25,1
Ceyockey,323,0.163247665836,26,1
Ceyockey,322,0.163247665836,27,1
Ceyockey,320,0.163247665836,28,1
Ceyockey,316,0.163247665836,29,1
Ceyockey,315,0.163247665836,30,1
Ceyockey,313,0.163247665836,31,1
Ceyockey,308,0.150108171307,32,1
Ceyockey,327,0.139940138665,33,1
Ceyockey,321,0.139940138665,34,1
Ceyockey,311,0.139940138665,35,1
Ceyockey,328,0.0933250843231,36,1
Ceyockey,314,0.0910723623454,37,1
GHcool,86,4.74089129412,1,4
GHcool,107,4.25332196076,2,4
GHcool,69,3.73615696999,3,4
GHcool,147,3.17930964837,4,4
GHcool,109,3.13659289266,5,4
GHcool,149,2.80208483456,6,4
GHcool,106,2.59913875072,7,4
GHcool,155,2.49684856216,8,4
GHcool,186,2.43921640047,9,4
GHcool,163,2.37308467347,10,4
GHcool,241,2.0777442508,11,4
GHcool,242,1.92658740447,12,4
GHcool,240,1.7831099932,13,4
GHcool,326,1.46694637103,14,4
GHcool,325,1.46694637103,15,4
GHcool,293,1.3945923465,16,4
GHcool,302,1.27987435953,17,4
GHcool,299,1.27987435953,18,4
GHcool,301,1.24977573558,19,4
GHcool,300,1.24977573558,20,4
GHcool,298,1.13427701287,21,4
GHcool,316,1.07289195325,22,4
GHcool,315,1.07289195325,23,4
GHcool,313,1.07289195325,24,4
GHcool,309,1.06879413038,25,4
GHcool,303,1.04536622451,26,4
GHcool,310,1.01435407894,27,4
GHcool,323,0.992243100155,28,4
GHcool,322,0.992243100155,29,4
GHcool,320,0.992243100155,30,4
GHcool,307,0.991249224773,31,4
GHcool,311,0.874877003259,32,4
GHcool,308,0.871860679766,33,4
GHcool,321,0.820436951824,34,4
GHcool,314,0.805125165785,35,4
GHcool,327,0.602012349717,36,4
GHcool,328,0.433057110539,37,4
Unyoyega,86,2.81443845585,1,1
Unyoyega,107,2.31732585197,2,1
Unyoyega,109,2.00606921117,3,1
Unyoyega,69,1.8191888215,4,1
Unyoyega,147,1.78580000893,5,1
Unyoyega,155,1.46566999172,6,1
Unyoyega,149,1.35378348588,7,1
Unyoyega,106,1.24986037651,8,1
Unyoyega,163,0.902889478,9,1
Unyoyega,186,0.768301315469,10,1
Unyoyega,241,0.676853968978,11,1
Unyoyega,242,0.621823303169,12,1
Unyoyega,240,0.550686098004,13,1
Unyoyega,293,0.452150992387,14,1
Unyoyega,326,0.349707883203,15,1
Unyoyega,325,0.349707883203,16,1
Unyoyega,301,0.303785987705,17,1
Unyoyega,300,0.303785987705,18,1
Unyoyega,302,0.281557333704,19,1
Unyoyega,299,0.281557333704,20,1
Unyoyega,298,0.258249806533,21,1
Unyoyega,303,0.198975947626,22,1
Unyoyega,310,0.173415698478,23,1
Unyoyega,309,0.173415698478,24,1
Unyoyega,307,0.173415698478,25,1
Unyoyega,323,0.163247665836,26,1
Unyoyega,322,0.163247665836,27,1
Unyoyega,320,0.163247665836,28,1
Unyoyega,316,0.163247665836,29,1
Unyoyega,315,0.163247665836,30,1
Unyoyega,313,0.163247665836,31,1
Unyoyega,308,0.150108171307,32,1
Unyoyega,327,0.139940138665,33,1
Unyoyega,321,0.139940138665,34,1
Unyoyega,311,0.139940138665,35,1
Unyoyega,328,0.0933250843231,36,1
Unyoyega,314,0.0910723623454,37,1
WAS,86,2.25692660703,1,2
WAS,109,1.73751838144,2,2
WAS,107,1.63906105118,3,2
WAS,106,1.44133373207,4,2
WAS,69,1.43841967623,5,2
WAS,155,1.18358988422,6,2
WAS,163,1.18327362192,7,2
WAS,147,1.09201867118,8,2
WAS,186,1.01889604483,9,2
WAS,149,0.966803963299,10,2
WAS,241,0.808551694074,11,2
WAS,242,0.753521028264,12,2
WAS,240,0.741657682006,13,2
WAS,293,0.551254755737,14,2
WAS,326,0.419677952535,15,2
WAS,325,0.419677952535,16,2
WAS,301,0.344000102612,17,2
WAS,300,0.344000102612,18,2
WAS,302,0.32177144861,19,2
WAS,299,0.32177144861,20,2
WAS,303,0.298463921439,21,2
WAS,298,0.298463921439,22,2
WAS,310,0.248469784131,23,2
WAS,309,0.248469784131,24,2
WAS,307,0.248469784131,25,2
WAS,323,0.233217735168,26,2
WAS,322,0.233217735168,27,2
WAS,320,0.233217735168,28,2
WAS,316,0.233217735168,29,2
WAS,315,0.233217735168,30,2
WAS,313,0.233217735168,31,2
WAS,308,0.22516225696,32,2
WAS,327,0.209910207997,33,2
WAS,321,0.209910207997,34,2
WAS,311,0.209910207997,35,2
WAS,328,0.139987626485,36,2
WAS,314,0.136608543518,37,2
L.,86,1.99877111712,1,1
L.,109,1.45713423752,2,1
L.,107,1.38311079542,3,1
L.,69,1.18134305949,4,1
L.,106,1.16094958815,5,1
L.,155,0.903205740299,6,1
L.,163,0.902889478,7,1
L.,147,0.811634527267,8,1
L.,186,0.768301315469,9,1
L.,149,0.715937723864,10,1
L.,241,0.617580110072,11,1
L.,242,0.562549444262,12,1
L.,240,0.550686098004,13,1
L.,293,0.392877133481,14,1
L.,326,0.349707883203,15,1
L.,325,0.349707883203,16,1
L.,301,0.244512128799,17,1
L.,300,0.244512128799,18,1
L.,302,0.222283474797,19,1
L.,299,0.222283474797,20,1
L.,303,0.198975947626,21,1
L.,298,0.198975947626,22,1
L.,310,0.173415698478,23,1
L.,309,0.173415698478,24,1
L.,307,0.173415698478,25,1
L.,323,0.163247665836,26,1
L.,322,0.163247665836,27,1
L.,320,0.163247665836,28,1
L.,316,0.163247665836,29,1
L.,315,0.163247665836,30,1
L.,313,0.163247665836,31,1
L.,308,0.150108171307,32,1
L.,327,0.139940138665,33,1
L.,321,0.139940138665,34,1
L.,311,0.139940138665,35,1
L.,328,0.0933250843231,36,1
L.,314,0.0910723623454,37,1
CanisRufus,86,3.04079186195,1,1
CanisRufus,69,2.51160685783,2,1
CanisRufus,107,2.42513154026,3,1
CanisRufus,106,2.11613527091,4,1
CanisRufus,109,2.06002285488,5,1
CanisRufus,163,2.05385865661,6,1
CanisRufus,155,1.85839142306,7,1
CanisRufus,147,1.76682021003,8,1
CanisRufus,149,1.72593146275,9,1
CanisRufus,186,1.72348699823,10,1
CanisRufus,326,0.990248002109,11,1
CanisRufus,325,0.990248002109,12,1
CanisRufus,241,0.96987717547,13,1
CanisRufus,240,0.902983163402,14,1
CanisRufus,301,0.596809194197,15,1
CanisRufus,300,0.596809194197,16,1
CanisRufus,302,0.574580540196,17,1
CanisRufus,299,0.574580540196,18,1
CanisRufus,242,0.562549444262,19,1
CanisRufus,310,0.525712763876,20,1
CanisRufus,309,0.525712763876,21,1
CanisRufus,307,0.525712763876,22,1
CanisRufus,323,0.515544731234,23,1
CanisRufus,322,0.515544731234,24,1
CanisRufus,320,0.515544731234,25,1
CanisRufus,316,0.515544731234,26,1
CanisRufus,315,0.515544731234,27,1
CanisRufus,313,0.515544731234,28,1
CanisRufus,327,0.492237204063,29,1
CanisRufus,328,0.445622149722,30,1
CanisRufus,293,0.392877133481,31,1
CanisRufus,303,0.198975947626,32,1
CanisRufus,298,0.198975947626,33,1
CanisRufus,308,0.150108171307,34,1
CanisRufus,321,0.139940138665,35,1
CanisRufus,311,0.139940138665,36,1
CanisRufus,314,0.0910723623454,37,1
Malber,86,3.54273109569,1,2
Malber,69,3.11172757881,2,2
Malber,107,3.02412590024,3,2
Malber,106,2.52735266005,4,2
Malber,155,2.43179252069,5,2
Malber,163,2.41402164554,6,2
Malber,149,2.31984180642,7,2
Malber,109,1.81614478642,8,2
Malber,186,1.19360346765,9,2
Malber,147,1.18809968902,10,2
Malber,241,1.00946791856,11,2
Malber,240,0.916365104827,12,2
Malber,326,0.882628428865,13,2
Malber,325,0.882628428865,14,2
Malber,242,0.858356234912,15,2
Malber,293,0.629881160723,16,2
Malber,301,0.518707525434,17,2
Malber,300,0.518707525434,18,2
Malber,302,0.496478871432,19,2
Malber,299,0.496478871432,20,2
Malber,310,0.423177206953,21,2
Malber,309,0.423177206953,22,2
Malber,307,0.423177206953,23,2
Malber,323,0.40792515799,24,2
Malber,322,0.40792515799,25,2
Malber,320,0.40792515799,26,2
Malber,316,0.40792515799,27,2
Malber,315,0.40792515799,28,2
Malber,313,0.40792515799,29,2
Malber,303,0.377090326425,30,2
Malber,298,0.377090326425,31,2
Malber,327,0.305991225833,32,2
Malber,308,0.303788661946,33,2
Malber,321,0.288536612983,34,2
Malber,311,0.288536612983,35,2
Malber,328,0.236068644321,36,2
Malber,314,0.215234948504,37,2
R. fiend,86,3.33242385353,1,1
R. fiend,107,2.94436415209,2,1
R. fiend,69,2.79982700193,3,1
R. fiend,106,2.11568114978,4,1
R. fiend,163,2.0595044435,5,1
R. fiend,155,2.02012101042,6,1
R. fiend,149,1.96281550291,7,1
R. fiend,109,1.58655599675,8,1
R. fiend,186,0.936109034625,9,1
R. fiend,147,0.875688539158,10,1
R. fiend,241,0.83726468286,11,1
R. fiend,326,0.805758655866,12,1
R. fiend,325,0.805758655866,13,1
R. fiend,240,0.71849381716,14,1
R. fiend,242,0.71818000516,15,1
R. fiend,293,0.445294736805,16,1
R. fiend,301,0.412319847955,17,1
R. fiend,300,0.412319847955,18,1
R. fiend,302,0.390091193953,19,1
R. fiend,299,0.390091193953,20,1
R. fiend,310,0.341223417634,21,1
R. fiend,309,0.341223417634,22,1
R. fiend,323,0.331055384992,23,1
R. fiend,322,0.331055384992,24,1
R. fiend,320,0.331055384992,25,1
R. fiend,316,0.331055384992,26,1
R. fiend,315,0.331055384992,27,1
R. fiend,313,0.331055384992,28,1
R. fiend,303,0.302729654891,29,1
R. fiend,298,0.302729654891,30,1
R. fiend,307,0.289887313692,31,1
R. fiend,327,0.255330254497,32,1
R. fiend,321,0.24369384593,33,1
R. fiend,311,0.24369384593,34,1
R. fiend,328,0.208715200155,35,1
R. fiend,308,0.202525774631,36,1
R. fiend,314,0.194826069611,37,1
YurikBot,86,2.54409271405,1,1
YurikBot,69,1.81498868077,2,1
YurikBot,107,1.77821995478,3,1
YurikBot,147,1.41495411249,4,1
YurikBot,186,1.27421194007,5,1
YurikBot,106,1.24416558721,6,1
YurikBot,109,1.20037533966,7,1
YurikBot,155,1.19661185985,8,1
YurikBot,149,1.15715698064,9,1
YurikBot,163,1.06437073427,10,1
YurikBot,241,0.975909026144,11,1
YurikBot,240,0.887818263819,12,1
YurikBot,242,0.860759333419,13,1
YurikBot,326,0.813628625816,14,1
YurikBot,325,0.813628625816,15,1
YurikBot,293,0.485376104188,16,1
YurikBot,302,0.452401215338,17,1
YurikBot,299,0.452401215338,18,1
YurikBot,309,0.403533439018,19,1
YurikBot,301,0.400073937384,20,1
YurikBot,300,0.400073937384,21,1
YurikBot,316,0.393365406376,22,1
YurikBot,315,0.393365406376,23,1
YurikBot,313,0.393365406376,24,1
YurikBot,303,0.365039676276,25,1
YurikBot,298,0.365039676276,26,1
YurikBot,307,0.352197335077,27,1
YurikBot,310,0.349093387583,28,1
YurikBot,323,0.338925354941,29,1
YurikBot,322,0.338925354941,30,1
YurikBot,320,0.338925354941,31,1
YurikBot,311,0.306003867315,32,1
YurikBot,308,0.264835796016,33,1
YurikBot,327,0.263200224447,34,1
YurikBot,314,0.257136090996,35,1
YurikBot,321,0.25156381588,36,1
YurikBot,328,0.216585170105,37,1
Theshibboleth,86,2.83593076898,1,1
Theshibboleth,107,2.14678966655,2,1
Theshibboleth,69,2.13114078921,3,1
Theshibboleth,147,1.63123234906,4,1
Theshibboleth,106,1.51078066651,5,1
Theshibboleth,109,1.43349236681,6,1
Theshibboleth,149,1.39389325289,7,1
Theshibboleth,186,1.33390841151,8,1
Theshibboleth,155,1.33095458861,9,1
Theshibboleth,163,1.21984254355,10,1
Theshibboleth,241,1.07234502646,11,1
Theshibboleth,242,0.98273309056,12,1
Theshibboleth,326,0.910503537144,13,1
Theshibboleth,325,0.910503537144,14,1
Theshibboleth,240,0.896139461704,15,1
Theshibboleth,293,0.545443860556,16,1
Theshibboleth,316,0.516449119366,17,1
Theshibboleth,315,0.516449119366,18,1
Theshibboleth,313,0.516449119366,19,1
Theshibboleth,302,0.516449119366,20,1
Theshibboleth,299,0.516449119366,21,1
Theshibboleth,301,0.486350495414,22,1
Theshibboleth,300,0.486350495414,23,1
Theshibboleth,309,0.467581343047,24,1
Theshibboleth,323,0.435800266269,25,1
Theshibboleth,322,0.435800266269,26,1
Theshibboleth,320,0.435800266269,27,1
Theshibboleth,310,0.413141291612,28,1
Theshibboleth,303,0.402878778643,29,1
Theshibboleth,298,0.402878778643,30,1
Theshibboleth,307,0.390036437443,31,1
Theshibboleth,327,0.360075135774,32,1
Theshibboleth,314,0.354011002323,33,1
Theshibboleth,311,0.350461175319,34,1
Theshibboleth,308,0.302674898382,35,1
Theshibboleth,321,0.296021123884,36,1
Theshibboleth,328,0.261042478109,37,1
Bevo,86,3.39584555724,1,1
Bevo,107,2.67411049306,2,1
Bevo,69,2.65846161572,3,1
Bevo,147,2.19114713732,4,1
Bevo,106,2.07069545476,5,1
Bevo,149,1.89899998502,6,1
Bevo,186,1.86122923802,7,1
Bevo,155,1.85827541512,8,1
Bevo,163,1.72494927568,9,1
Bevo,240,1.40124619383,10,1
Bevo,109,1.33571048158,11,1
Bevo,241,1.00715710297,12,1
Bevo,242,0.91754516707,13,1
Bevo,326,0.910503537144,14,1
Bevo,325,0.910503537144,15,1
Bevo,293,0.545443860556,16,1
Bevo,316,0.516449119366,17,1
Bevo,315,0.516449119366,18,1
Bevo,313,0.516449119366,19,1
Bevo,302,0.516449119366,20,1
Bevo,299,0.516449119366,21,1
Bevo,301,0.486350495414,22,1
Bevo,300,0.486350495414,23,1
Bevo,309,0.467581343047,24,1
Bevo,323,0.435800266269,25,1
Bevo,322,0.435800266269,26,1
Bevo,320,0.435800266269,27,1
Bevo,310,0.413141291612,28,1
Bevo,303,0.402878778643,29,1
Bevo,298,0.402878778643,30,1
Bevo,307,0.390036437443,31,1
Bevo,327,0.360075135774,32,1
Bevo,314,0.354011002323,33,1
Bevo,311,0.350461175319,34,1
Bevo,308,0.302674898382,35,1
Bevo,321,0.296021123884,36,1
Bevo,328,0.261042478109,37,1
RedSpruce,86,4.94719719262,1,2
RedSpruce,69,4.7610817004,2,2
RedSpruce,107,3.77755300243,3,2
RedSpruce,147,3.11014721967,4,2
RedSpruce,163,3.0253859721,5,2
RedSpruce,106,3.01959065451,6,2
RedSpruce,155,2.87180472551,7,2
RedSpruce,186,2.80753500559,8,2
RedSpruce,109,2.73080627391,9,2
RedSpruce,241,2.56903841961,10,2
RedSpruce,326,2.41380500713,11,2
RedSpruce,325,2.41380500713,12,2
RedSpruce,242,2.39997002222,13,2
RedSpruce,149,2.27967706765,14,2
RedSpruce,240,2.01046308681,15,2
RedSpruce,293,1.76114971067,16,2
RedSpruce,299,1.66512058254,17,2
RedSpruce,313,1.64218398806,18,2
RedSpruce,316,1.63861673307,19,2
RedSpruce,315,1.63861673307,20,2
RedSpruce,323,1.62043337376,21,2
RedSpruce,322,1.62043337376,22,2
RedSpruce,320,1.62043337376,23,2
RedSpruce,302,1.60244810404,24,2
RedSpruce,309,1.5802104301,25,2
RedSpruce,300,1.54752391386,26,2
RedSpruce,310,1.49755587461,27,2
RedSpruce,301,1.48939958326,28,2
RedSpruce,307,1.48567828931,29,2
RedSpruce,321,1.40272338291,30,2
RedSpruce,327,1.27731982553,31,2
RedSpruce,311,1.21889415653,32,2
RedSpruce,314,1.19801009537,33,2
RedSpruce,328,1.15497964069,34,2
RedSpruce,308,1.14101486276,35,2
RedSpruce,303,1.12073696551,36,2
RedSpruce,298,0.85643337166,37,2
Rmfitzgerald50,86,2.44949767797,1,1
Rmfitzgerald50,107,1.92019675098,2,1
Rmfitzgerald50,69,1.90454787364,3,1
Rmfitzgerald50,147,1.43723339523,4,1
Rmfitzgerald50,106,1.34885406888,5,1
Rmfitzgerald50,109,1.27156576918,6,1
Rmfitzgerald50,149,1.19989429906,7,1
Rmfitzgerald50,186,1.10731549594,8,1
Rmfitzgerald50,155,1.10436167304,9,1
Rmfitzgerald50,163,1.05791594592,10,1
Rmfitzgerald50,241,1.00715710297,11,1
Rmfitzgerald50,242,0.91754516707,12,1
Rmfitzgerald50,326,0.910503537144,13,1
Rmfitzgerald50,325,0.910503537144,14,1
Rmfitzgerald50,240,0.798357576469,15,1
Rmfitzgerald50,293,0.545443860556,16,1
Rmfitzgerald50,316,0.516449119366,17,1
Rmfitzgerald50,315,0.516449119366,18,1
Rmfitzgerald50,313,0.516449119366,19,1
Rmfitzgerald50,302,0.516449119366,20,1
Rmfitzgerald50,299,0.516449119366,21,1
Rmfitzgerald50,301,0.486350495414,22,1
Rmfitzgerald50,300,0.486350495414,23,1
Rmfitzgerald50,309,0.467581343047,24,1
Rmfitzgerald50,323,0.435800266269,25,1
Rmfitzgerald50,322,0.435800266269,26,1
Rmfitzgerald50,320,0.435800266269,27,1
Rmfitzgerald50,310,0.413141291612,28,1
Rmfitzgerald50,303,0.402878778643,29,1
Rmfitzgerald50,298,0.402878778643,30,1
Rmfitzgerald50,307,0.390036437443,31,1
Rmfitzgerald50,327,0.360075135774,32,1
Rmfitzgerald50,314,0.354011002323,33,1
Rmfitzgerald50,311,0.350461175319,34,1
Rmfitzgerald50,308,0.302674898382,35,1
Rmfitzgerald50,321,0.296021123884,36,1
Rmfitzgerald50,328,0.261042478109,37,1
RoyBoy,86,2.44949767797,1,1
RoyBoy,107,1.92019675098,2,1
RoyBoy,69,1.90454787364,3,1
RoyBoy,147,1.43723339523,4,1
RoyBoy,106,1.34885406888,5,1
RoyBoy,109,1.27156576918,6,1
RoyBoy,149,1.19989429906,7,1
RoyBoy,186,1.10731549594,8,1
RoyBoy,155,1.10436167304,9,1
RoyBoy,163,1.05791594592,10,1
RoyBoy,241,1.00715710297,11,1
RoyBoy,242,0.91754516707,12,1
RoyBoy,326,0.910503537144,13,1
RoyBoy,325,0.910503537144,14,1
RoyBoy,240,0.798357576469,15,1
RoyBoy,293,0.545443860556,16,1
RoyBoy,316,0.516449119366,17,1
RoyBoy,315,0.516449119366,18,1
RoyBoy,313,0.516449119366,19,1
RoyBoy,302,0.516449119366,20,1
RoyBoy,299,0.516449119366,21,1
RoyBoy,301,0.486350495414,22,1
RoyBoy,300,0.486350495414,23,1
RoyBoy,309,0.467581343047,24,1
RoyBoy,323,0.435800266269,25,1
RoyBoy,322,0.435800266269,26,1
RoyBoy,320,0.435800266269,27,1
RoyBoy,310,0.413141291612,28,1
RoyBoy,303,0.402878778643,29,1
RoyBoy,298,0.402878778643,30,1
RoyBoy,307,0.390036437443,31,1
RoyBoy,327,0.360075135774,32,1
RoyBoy,314,0.354011002323,33,1
RoyBoy,311,0.350461175319,34,1
RoyBoy,308,0.302674898382,35,1
RoyBoy,321,0.296021123884,36,1
RoyBoy,328,0.261042478109,37,1
Dart evader,86,2.44949767797,1,1
Dart evader,107,1.92019675098,2,1
Dart evader,69,1.90454787364,3,1
Dart evader,147,1.43723339523,4,1
Dart evader,106,1.34885406888,5,1
Dart evader,109,1.27156576918,6,1
Dart evader,149,1.19989429906,7,1
Dart evader,186,1.10731549594,8,1
Dart evader,155,1.10436167304,9,1
Dart evader,163,1.05791594592,10,1
Dart evader,241,1.00715710297,11,1
Dart evader,242,0.91754516707,12,1
Dart evader,326,0.910503537144,13,1
Dart evader,325,0.910503537144,14,1
Dart evader,240,0.798357576469,15,1
Dart evader,293,0.545443860556,16,1
Dart evader,316,0.516449119366,17,1
Dart evader,315,0.516449119366,18,1
Dart evader,313,0.516449119366,19,1
Dart evader,302,0.516449119366,20,1
Dart evader,299,0.516449119366,21,1
Dart evader,301,0.486350495414,22,1
Dart evader,300,0.486350495414,23,1
Dart evader,309,0.467581343047,24,1
Dart evader,323,0.435800266269,25,1
Dart evader,322,0.435800266269,26,1
Dart evader,320,0.435800266269,27,1
Dart evader,310,0.413141291612,28,1
Dart evader,303,0.402878778643,29,1
Dart evader,298,0.402878778643,30,1
Dart evader,307,0.390036437443,31,1
Dart evader,327,0.360075135774,32,1
Dart evader,314,0.354011002323,33,1
Dart evader,311,0.350461175319,34,1
Dart evader,308,0.302674898382,35,1
Dart evader,321,0.296021123884,36,1
Dart evader,328,0.261042478109,37,1
Thebogusman,86,2.89185112763,1,2
Thebogusman,107,2.36034496648,2,2
Thebogusman,69,2.34582245014,3,2
Thebogusman,147,1.82377500629,4,2
Thebogusman,106,1.73539567993,5,2
Thebogusman,149,1.66447640272,6,2
Thebogusman,109,1.64122936609,7,2
Thebogusman,186,1.51846877223,8,2
Thebogusman,155,1.4909032841,9,2
Thebogusman,163,1.41606487356,10,2
Thebogusman,241,1.3697822474,11,2
Thebogusman,242,1.24814330555,12,2
Thebogusman,240,1.12638509527,13,2
Thebogusman,326,1.11674990669,14,2
Thebogusman,325,1.11674990669,15,2
Thebogusman,293,0.78010484635,16,2
Thebogusman,316,0.749915514633,17,2
Thebogusman,315,0.749915514633,18,2
Thebogusman,313,0.749915514633,19,2
Thebogusman,302,0.749915514633,20,2
Thebogusman,299,0.749915514633,21,2
Thebogusman,301,0.693653251704,22,2
Thebogusman,300,0.693653251704,23,2
Thebogusman,309,0.676613850153,24,2
Thebogusman,323,0.642046635818,25,2
Thebogusman,322,0.642046635818,26,2
Thebogusman,320,0.642046635818,27,2
Thebogusman,303,0.604318167964,28,2
Thebogusman,298,0.604318167964,29,2
Thebogusman,310,0.594953773001,30,2
Thebogusman,307,0.57340089258,31,2
Thebogusman,327,0.540112703661,32,2
Thebogusman,314,0.531016503485,33,2
Thebogusman,311,0.525691762978,34,2
Thebogusman,308,0.454012347573,35,2
Thebogusman,321,0.444031685825,36,2
Thebogusman,328,0.391563717163,37,2
Gatekreeper,86,3.01653695636,1,1
Gatekreeper,107,2.48723602936,2,1
Gatekreeper,69,2.47158715203,3,1
Gatekreeper,147,2.00427267362,4,1
Gatekreeper,106,1.91589334726,5,1
Gatekreeper,149,1.71968030425,6,1
Gatekreeper,186,1.67435477433,7,1
Gatekreeper,155,1.67140095143,8,1
Gatekreeper,163,1.57770195111,9,1
Gatekreeper,109,1.27156576918,10,1
Gatekreeper,241,1.00715710297,11,1
Gatekreeper,242,0.91754516707,12,1
Gatekreeper,326,0.910503537144,13,1
Gatekreeper,325,0.910503537144,14,1
Gatekreeper,240,0.798357576469,15,1
Gatekreeper,293,0.545443860556,16,1
Gatekreeper,316,0.516449119366,17,1
Gatekreeper,315,0.516449119366,18,1
Gatekreeper,313,0.516449119366,19,1
Gatekreeper,302,0.516449119366,20,1
Gatekreeper,299,0.516449119366,21,1
Gatekreeper,301,0.486350495414,22,1
Gatekreeper,300,0.486350495414,23,1
Gatekreeper,309,0.467581343047,24,1
Gatekreeper,323,0.435800266269,25,1
Gatekreeper,322,0.435800266269,26,1
Gatekreeper,320,0.435800266269,27,1
Gatekreeper,310,0.413141291612,28,1
Gatekreeper,303,0.402878778643,29,1
Gatekreeper,298,0.402878778643,30,1
Gatekreeper,307,0.390036437443,31,1
Gatekreeper,327,0.360075135774,32,1
Gatekreeper,314,0.354011002323,33,1
Gatekreeper,311,0.350461175319,34,1
Gatekreeper,308,0.302674898382,35,1
Gatekreeper,321,0.296021123884,36,1
Gatekreeper,328,0.261042478109,37,1
HemzHeru,86,3.98642515044,1,4
HemzHeru,107,3.57085435029,2,4
HemzHeru,69,3.24579348993,3,4
HemzHeru,163,2.62194145685,4,4
HemzHeru,147,2.61746366776,5,4
HemzHeru,106,2.59100156416,6,4
HemzHeru,109,2.53764434246,7,4
HemzHeru,149,2.48085436358,8,4
HemzHeru,186,2.46049297556,9,4
HemzHeru,241,2.40022635697,10,4
HemzHeru,242,2.34749963705,11,4
HemzHeru,155,2.33579370066,12,4
HemzHeru,240,2.17824725466,13,4
HemzHeru,293,1.61570146031,14,4
HemzHeru,302,1.42063880925,15,4
HemzHeru,299,1.42063880925,16,4
HemzHeru,298,1.344945455,17,4
HemzHeru,307,1.33906432157,18,4
HemzHeru,301,1.31204926836,19,4
HemzHeru,303,1.28567159609,20,4
HemzHeru,326,1.28385625755,21,4
HemzHeru,325,1.28385625755,22,4
HemzHeru,300,1.28352313438,23,4
HemzHeru,309,1.06803870563,24,4
HemzHeru,316,1.04261862402,25,4
HemzHeru,315,1.04261862402,26,4
HemzHeru,313,1.04261862402,27,4
HemzHeru,311,0.99545140376,28,4
HemzHeru,310,0.931938577041,29,4
HemzHeru,323,0.906518495436,30,4
HemzHeru,322,0.906518495436,31,4
HemzHeru,320,0.906518495436,32,4
HemzHeru,308,0.892531225512,33,4
HemzHeru,314,0.873281962962,34,4
HemzHeru,321,0.859351275173,35,4
HemzHeru,327,0.609008801399,36,4
HemzHeru,328,0.492471165545,37,4
Delldot,86,4.55261475784,1,1
Delldot,107,4.19041667733,2,1
Delldot,69,4.15834602854,3,1
Delldot,106,3.73024193695,4,1
Delldot,155,3.47712021374,5,1
Delldot,186,3.47369379817,6,1
Delldot,149,3.44697618282,7,1
Delldot,147,3.4094086938,8,1
Delldot,241,1.66580821466,9,1
Delldot,242,1.61308149474,10,1
Delldot,240,1.54653241945,11,1
Delldot,163,1.33131929754,12,1
Delldot,109,1.26100594205,13,1
Delldot,326,0.768245492442,14,1
Delldot,325,0.768245492442,15,1
Delldot,307,0.717967184308,16,1
Delldot,293,0.685359854335,17,1
Delldot,302,0.589961992685,18,1
Delldot,299,0.589961992685,19,1
Delldot,301,0.559863368734,20,1
Delldot,300,0.531337234748,21,1
Delldot,303,0.514268638436,22,1
Delldot,298,0.514268638436,23,1
Delldot,309,0.45551581441,24,1
Delldot,316,0.445347781768,25,1
Delldot,315,0.445347781768,26,1
Delldot,313,0.445347781768,27,1
Delldot,310,0.401075762975,28,1
Delldot,311,0.398180561504,29,1
Delldot,323,0.390907730333,30,1
Delldot,322,0.390907730333,31,1
Delldot,320,0.390907730333,32,1
Delldot,308,0.357012490205,33,1
Delldot,314,0.349312785185,34,1
Delldot,321,0.343740510069,35,1
Delldot,327,0.24360352056,36,1
Delldot,328,0.196988466218,37,1
Antaeus Feldspar,86,3.44552364127,1,1
Antaeus Feldspar,242,3.11283797843,2,1
Antaeus Feldspar,241,3.0881897904,3,1
Antaeus Feldspar,107,3.07971175294,4,1
Antaeus Feldspar,69,3.01447949161,5,1
Antaeus Feldspar,240,2.57253427697,6,1
Antaeus Feldspar,106,2.48993778286,7,1
Antaeus Feldspar,186,2.33629536903,8,1
Antaeus Feldspar,155,2.30405030952,9,1
Antaeus Feldspar,149,2.25227672575,10,1
Antaeus Feldspar,147,2.23633878958,11,1
Antaeus Feldspar,109,2.03197999043,12,1
Antaeus Feldspar,299,1.67528872892,13,1
Antaeus Feldspar,293,1.44698695563,14,1
Antaeus Feldspar,163,1.28271160684,15,1
Antaeus Feldspar,298,1.2708335492,16,1
Antaeus Feldspar,302,0.95364974343,17,1
Antaeus Feldspar,301,0.923551119478,18,1
Antaeus Feldspar,303,0.906055811199,19,1
Antaeus Feldspar,300,0.895024985493,20,1
Antaeus Feldspar,326,0.826652227022,21,1
Antaeus Feldspar,325,0.826652227022,22,1
Antaeus Feldspar,307,0.776373918888,23,1
Antaeus Feldspar,309,0.51392254899,24,1
Antaeus Feldspar,316,0.503754516348,25,1
Antaeus Feldspar,315,0.503754516348,26,1
Antaeus Feldspar,313,0.503754516348,27,1
Antaeus Feldspar,310,0.459482497555,28,1
Antaeus Feldspar,311,0.456587296084,29,1
Antaeus Feldspar,323,0.449314464913,30,1
Antaeus Feldspar,322,0.449314464913,31,1
Antaeus Feldspar,320,0.449314464913,32,1
Antaeus Feldspar,308,0.415419224785,33,1
Antaeus Feldspar,314,0.407719519765,34,1
Antaeus Feldspar,321,0.402147244649,35,1
Antaeus Feldspar,327,0.30201025514,36,1
Antaeus Feldspar,328,0.255395200798,37,1
UltimatePyro,86,2.40931442936,1,1
UltimatePyro,241,2.11830380358,2,1
UltimatePyro,242,2.10979037906,3,1
UltimatePyro,107,2.01034092848,4,1
UltimatePyro,69,1.97827027969,5,1
UltimatePyro,240,1.5694866776,6,1
UltimatePyro,106,1.45372857095,7,1
UltimatePyro,109,1.33485981667,8,1
UltimatePyro,186,1.30008615712,9,1
UltimatePyro,163,1.28271160684,10,1
UltimatePyro,155,1.2678410976,11,1
UltimatePyro,149,1.21606751383,12,1
UltimatePyro,147,1.20012957766,13,1
UltimatePyro,326,0.826652227022,14,1
UltimatePyro,325,0.826652227022,15,1
UltimatePyro,307,0.776373918888,16,1
UltimatePyro,293,0.776281792021,17,1
UltimatePyro,299,0.739290664952,18,1
UltimatePyro,302,0.680883930372,19,1
UltimatePyro,301,0.65078530642,20,1
UltimatePyro,303,0.633289998141,21,1
UltimatePyro,298,0.633289998141,22,1
UltimatePyro,300,0.622259172434,23,1
UltimatePyro,309,0.51392254899,24,1
UltimatePyro,316,0.503754516348,25,1
UltimatePyro,315,0.503754516348,26,1
UltimatePyro,313,0.503754516348,27,1
UltimatePyro,310,0.459482497555,28,1
UltimatePyro,311,0.456587296084,29,1
UltimatePyro,323,0.449314464913,30,1
UltimatePyro,322,0.449314464913,31,1
UltimatePyro,320,0.449314464913,32,1
UltimatePyro,308,0.415419224785,33,1
UltimatePyro,314,0.407719519765,34,1
UltimatePyro,321,0.402147244649,35,1
UltimatePyro,327,0.30201025514,36,1
UltimatePyro,328,0.255395200798,37,1
Redeagle688,86,2.35090769477,1,1
Redeagle688,107,1.92273082661,2,1
Redeagle688,69,1.89066017782,3,1
Redeagle688,241,1.7678633961,4,1
Redeagle688,242,1.75934997158,5,1
Redeagle688,240,1.5694866776,6,1
Redeagle688,106,1.39532183637,7,1
Redeagle688,109,1.33485981667,8,1
Redeagle688,186,1.24167942254,9,1
Redeagle688,163,1.22430487226,10,1
Redeagle688,155,1.20943436302,11,1
Redeagle688,147,1.14172284308,12,1
Redeagle688,149,1.12845741196,13,1
Redeagle688,293,0.776281792021,14,1
Redeagle688,326,0.768245492442,15,1
Redeagle688,325,0.768245492442,16,1
Redeagle688,307,0.717967184308,17,1
Redeagle688,302,0.680883930372,18,1
Redeagle688,299,0.680883930372,19,1
Redeagle688,301,0.65078530642,20,1
Redeagle688,300,0.622259172434,21,1
Redeagle688,303,0.574883263561,22,1
Redeagle688,298,0.574883263561,23,1
Redeagle688,309,0.45551581441,24,1
Redeagle688,316,0.445347781768,25,1
Redeagle688,315,0.445347781768,26,1
Redeagle688,313,0.445347781768,27,1
Redeagle688,310,0.401075762975,28,1
Redeagle688,311,0.398180561504,29,1
Redeagle688,323,0.390907730333,30,1
Redeagle688,322,0.390907730333,31,1
Redeagle688,320,0.390907730333,32,1
Redeagle688,308,0.357012490205,33,1
Redeagle688,314,0.349312785185,34,1
Redeagle688,321,0.343740510069,35,1
Redeagle688,327,0.24360352056,36,1
Redeagle688,328,0.196988466218,37,1
SmackBot,86,2.55631449514,1,1
SmackBot,107,2.36600317634,2,1
SmackBot,69,1.98514562969,3,1
SmackBot,241,1.76859638841,4,1
SmackBot,242,1.7633920667,5,1
SmackBot,106,1.51415786873,6,1
SmackBot,240,1.44505966257,7,1
SmackBot,149,1.30632925328,8,1
SmackBot,109,1.27962805289,9,1
SmackBot,147,1.26229807164,10,1
SmackBot,163,1.25423011627,11,1
SmackBot,155,1.24807408378,12,1
SmackBot,186,1.16862768106,13,1
SmackBot,326,0.820663095766,14,1
SmackBot,325,0.820663095766,15,1
SmackBot,293,0.770076842015,16,1
SmackBot,302,0.759748385302,17,1
SmackBot,299,0.759748385302,18,1
SmackBot,301,0.729649761351,19,1
SmackBot,307,0.711348978671,20,1
SmackBot,300,0.701123627365,21,1
SmackBot,298,0.627538916829,22,1
SmackBot,303,0.568265057923,23,1
SmackBot,316,0.523974186754,24,1
SmackBot,315,0.523974186754,25,1
SmackBot,313,0.523974186754,26,1
SmackBot,309,0.475106410434,27,1
SmackBot,323,0.443325333657,28,1
SmackBot,322,0.443325333657,29,1
SmackBot,320,0.443325333657,30,1
SmackBot,310,0.420666358999,31,1
SmackBot,314,0.401730388509,32,1
SmackBot,311,0.398180561504,33,1
SmackBot,308,0.350394284567,34,1
SmackBot,321,0.343740510069,35,1
SmackBot,327,0.296021123884,36,1
SmackBot,328,0.196988466218,37,1
Winick88,86,2.40798619417,1,1
Winick88,107,2.09912715756,2,1
Winick88,69,2.01463890544,3,1
Winick88,241,1.7093225295,4,1
Winick88,242,1.7041182078,5,1
Winick88,106,1.50418312311,6,1
Winick88,240,1.44505966257,7,1
Winick88,109,1.35856409563,8,1
Winick88,155,1.30720428898,9,1
Winick88,149,1.29635450767,10,1
Winick88,186,1.28703174518,11,1
Winick88,147,1.28196025548,12,1
Winick88,163,1.25423011627,13,1
Winick88,326,0.820663095766,14,1
Winick88,325,0.820663095766,15,1
Winick88,307,0.711348978671,16,1
Winick88,293,0.710802983108,17,1
Winick88,302,0.700474526396,18,1
Winick88,299,0.700474526396,19,1
Winick88,301,0.670375902444,20,1
Winick88,300,0.641849768459,21,1
Winick88,303,0.568265057923,22,1
Winick88,298,0.568265057923,23,1
Winick88,316,0.523974186754,24,1
Winick88,315,0.523974186754,25,1
Winick88,313,0.523974186754,26,1
Winick88,309,0.475106410434,27,1
Winick88,323,0.443325333657,28,1
Winick88,322,0.443325333657,29,1
Winick88,320,0.443325333657,30,1
Winick88,310,0.420666358999,31,1
Winick88,314,0.401730388509,32,1
Winick88,311,0.398180561504,33,1
Winick88,308,0.350394284567,34,1
Winick88,321,0.343740510069,35,1
Winick88,327,0.296021123884,36,1
Winick88,328,0.196988466218,37,1
Beardo,86,2.28958213006,1,1
Beardo,107,1.98072309345,2,1
Beardo,69,1.89623484133,3,1
Beardo,241,1.7093225295,4,1
Beardo,242,1.7041182078,5,1
Beardo,240,1.44505966257,6,1
Beardo,106,1.42524708037,7,1
Beardo,109,1.27962805289,8,1
Beardo,163,1.25423011627,9,1
Beardo,149,1.21741846492,10,1
Beardo,147,1.20302421273,11,1
Beardo,155,1.18880022487,12,1
Beardo,186,1.16862768106,13,1
Beardo,326,0.820663095766,14,1
Beardo,325,0.820663095766,15,1
Beardo,307,0.711348978671,16,1
Beardo,293,0.710802983108,17,1
Beardo,302,0.700474526396,18,1
Beardo,299,0.700474526396,19,1
Beardo,301,0.670375902444,20,1
Beardo,300,0.641849768459,21,1
Beardo,303,0.568265057923,22,1
Beardo,298,0.568265057923,23,1
Beardo,316,0.523974186754,24,1
Beardo,315,0.523974186754,25,1
Beardo,313,0.523974186754,26,1
Beardo,309,0.475106410434,27,1
Beardo,323,0.443325333657,28,1
Beardo,322,0.443325333657,29,1
Beardo,320,0.443325333657,30,1
Beardo,310,0.420666358999,31,1
Beardo,314,0.401730388509,32,1
Beardo,311,0.398180561504,33,1
Beardo,308,0.350394284567,34,1
Beardo,321,0.343740510069,35,1
Beardo,327,0.296021123884,36,1
Beardo,328,0.196988466218,37,1
Million Little Gods,86,1.89448561983,1,1
Million Little Gods,107,1.70492504869,2,1
Million Little Gods,69,1.42955925183,3,1
Million Little Gods,109,1.20804897361,4,1
Million Little Gods,106,1.1971684218,5,1
Million Little Gods,241,1.12753750772,6,1
Million Little Gods,242,1.10197958371,7,1
Million Little Gods,149,1.08127248794,8,1
Million Little Gods,163,0.991773492245,9,1
Million Little Gods,186,0.988268408674,10,1
Million Little Gods,155,0.984581259387,11,1
Million Little Gods,147,0.97494555416,12,1
Million Little Gods,240,0.887134333883,13,1
Million Little Gods,293,0.663083596923,14,1
Million Little Gods,307,0.639769899392,15,1
Million Little Gods,302,0.628895447118,16,1
Million Little Gods,299,0.628895447118,17,1
Million Little Gods,301,0.598796823166,18,1
Million Little Gods,300,0.570270689181,19,1
Million Little Gods,326,0.558206471745,20,1
Million Little Gods,325,0.558206471745,21,1
Million Little Gods,303,0.520545671737,22,1
Million Little Gods,298,0.520545671737,23,1
Million Little Gods,316,0.452395107475,24,1
Million Little Gods,315,0.452395107475,25,1
Million Little Gods,313,0.452395107475,26,1
Million Little Gods,309,0.403527331156,27,1
Million Little Gods,323,0.371746254378,28,1
Million Little Gods,322,0.371746254378,29,1
Million Little Gods,320,0.371746254378,30,1
Million Little Gods,314,0.354011002323,31,1
Million Little Gods,311,0.350461175319,32,1
Million Little Gods,310,0.349087279721,33,1
Million Little Gods,308,0.302674898382,34,1
Million Little Gods,327,0.296021123884,35,1
Million Little Gods,321,0.296021123884,36,1
Million Little Gods,328,0.196988466218,37,1
Mike Rosoft,86,2.02446917891,1,1
Mike Rosoft,107,1.80241271799,2,1
Mike Rosoft,241,1.5499840747,3,1
Mike Rosoft,69,1.52704692113,4,1
Mike Rosoft,106,1.2946560911,5,1
Mike Rosoft,240,1.2770850111,6,1
Mike Rosoft,109,1.27304075314,7,1
Mike Rosoft,149,1.17876015724,8,1
Mike Rosoft,242,1.10197958371,9,1
Mike Rosoft,186,1.08575607798,10,1
Mike Rosoft,155,1.08206892869,11,1
Mike Rosoft,147,1.07243322346,12,1
Mike Rosoft,163,0.991773492245,13,1
Mike Rosoft,293,0.760571266227,14,1
Mike Rosoft,307,0.704761678928,15,1
Mike Rosoft,302,0.693887226653,16,1
Mike Rosoft,299,0.693887226653,17,1
Mike Rosoft,301,0.663788602702,18,1
Mike Rosoft,300,0.635262468716,19,1
Mike Rosoft,326,0.558206471745,20,1
Mike Rosoft,325,0.558206471745,21,1
Mike Rosoft,303,0.520545671737,22,1
Mike Rosoft,298,0.520545671737,23,1
Mike Rosoft,309,0.468519110692,24,1
Mike Rosoft,316,0.452395107475,25,1
Mike Rosoft,315,0.452395107475,26,1
Mike Rosoft,313,0.452395107475,27,1
Mike Rosoft,311,0.415452954854,28,1
Mike Rosoft,310,0.414079059257,29,1
Mike Rosoft,323,0.371746254378,30,1
Mike Rosoft,322,0.371746254378,31,1
Mike Rosoft,320,0.371746254378,32,1
Mike Rosoft,308,0.367666677918,33,1
Mike Rosoft,314,0.354011002323,34,1
Mike Rosoft,327,0.296021123884,35,1
Mike Rosoft,321,0.296021123884,36,1
Mike Rosoft,328,0.196988466218,37,1
DCGeist,69,148.60344916,1,211
DCGeist,86,148.584087751,2,211
DCGeist,241,141.826561143,3,211
DCGeist,299,141.463365949,4,211
DCGeist,302,134.594738079,5,211
DCGeist,107,134.380532413,6,211
DCGeist,155,134.116573787,7,211
DCGeist,147,127.227863938,8,211
DCGeist,293,127.032867549,9,211
DCGeist,149,126.320033501,10,211
DCGeist,242,126.039697979,11,211
DCGeist,309,125.41206622,12,211
DCGeist,106,124.786552822,13,211
DCGeist,186,124.618373875,14,211
DCGeist,301,123.765000109,15,211
DCGeist,240,123.252834315,16,211
DCGeist,300,123.247275185,17,211
DCGeist,313,121.836632303,18,211
DCGeist,310,120.615798664,19,211
DCGeist,163,118.208104497,20,211
DCGeist,307,115.734591504,21,211
DCGeist,316,113.445109375,22,211
DCGeist,315,113.445109375,23,211
DCGeist,323,110.600629588,24,211
DCGeist,322,110.600629588,25,211
DCGeist,320,110.600629588,26,211
DCGeist,326,104.647052003,27,211
DCGeist,325,104.647052003,28,211
DCGeist,311,103.399553915,29,211
DCGeist,303,101.825975294,30,211
DCGeist,321,99.3713821584,31,211
DCGeist,109,98.6547285129,32,211
DCGeist,314,97.3936719884,33,211
DCGeist,308,94.4210264554,34,211
DCGeist,298,88.5892455438,35,211
DCGeist,327,86.0328157674,36,211
DCGeist,328,74.0111984142,37,211
Pegship,86,3.06382127984,1,2
Pegship,107,2.90446633943,2,2
Pegship,69,2.49157354122,3,2
Pegship,106,1.96585281482,4,2
Pegship,241,1.79520935925,5,2
Pegship,242,1.77895335469,6,2
Pegship,109,1.77660637464,7,2
Pegship,149,1.71409222826,8,2
Pegship,147,1.71399301774,9,2
Pegship,155,1.69976902987,10,2
Pegship,186,1.67114309405,11,2
Pegship,163,1.51737736945,12,2
Pegship,240,1.51178306011,13,2
Pegship,299,1.38708532916,14,2
Pegship,293,1.13591218035,15,2
Pegship,326,0.9925333508,16,2
Pegship,325,0.9925333508,17,2
Pegship,302,0.989145978617,18,2
Pegship,298,0.956421347781,19,2
Pegship,301,0.932883715688,20,2
Pegship,300,0.904357581703,21,2
Pegship,307,0.860337319292,22,2
Pegship,303,0.797662651237,23,2
Pegship,316,0.723064467506,24,2
Pegship,315,0.723064467506,25,2
Pegship,313,0.723064467506,26,2
Pegship,309,0.649762803027,27,2
Pegship,323,0.615195588691,28,2
Pegship,322,0.615195588691,29,2
Pegship,320,0.615195588691,30,2
Pegship,311,0.597270842256,31,2
Pegship,314,0.576386781101,32,2
Pegship,310,0.568102725874,33,2
Pegship,321,0.515610765104,34,2
Pegship,308,0.499382625189,35,2
Pegship,327,0.417822884163,36,2
Pegship,328,0.295482699327,37,2
Bacteria,86,2.28958869404,1,1
Bacteria,107,2.01389126997,2,1
Bacteria,69,1.89624140531,3,1
Bacteria,106,1.42525364435,4,1
Bacteria,109,1.34595127798,5,1
Bacteria,241,1.28929950518,6,1
Bacteria,242,1.27304350062,7,1
Bacteria,149,1.2616383243,8,1
Bacteria,163,1.25423011627,9,1
Bacteria,147,1.20303077671,10,1
Bacteria,155,1.18880678885,11,1
Bacteria,186,1.16863424504,12,1
Bacteria,299,1.0652522644,13,1
Bacteria,240,1.0581982508,14,1
Bacteria,326,0.820663095766,15,1
Bacteria,325,0.820663095766,16,1
Bacteria,293,0.810287820746,17,1
Bacteria,307,0.711348978671,18,1
Bacteria,302,0.700474526396,19,1
Bacteria,301,0.670375902444,20,1
Bacteria,300,0.641849768459,21,1
Bacteria,298,0.634588283014,22,1
Bacteria,303,0.568265057923,23,1
Bacteria,316,0.523974186754,24,1
Bacteria,315,0.523974186754,25,1
Bacteria,313,0.523974186754,26,1
Bacteria,309,0.475106410434,27,1
Bacteria,323,0.443325333657,28,1
Bacteria,322,0.443325333657,29,1
Bacteria,320,0.443325333657,30,1
Bacteria,310,0.420666358999,31,1
Bacteria,314,0.401730388509,32,1
Bacteria,311,0.398180561504,33,1
Bacteria,308,0.350394284567,34,1
Bacteria,321,0.343740510069,35,1
Bacteria,327,0.296021123884,36,1
Bacteria,328,0.196988466218,37,1
Jonathan F,86,8.02002266384,1,7
Jonathan F,107,7.55227294814,2,7
Jonathan F,69,7.14501195487,3,7
Jonathan F,106,6.27672807828,4,7
Jonathan F,186,6.19675568053,5,7
Jonathan F,155,6.07954261633,6,7
Jonathan F,147,6.05429858282,7,7
Jonathan F,241,5.04959119396,8,7
Jonathan F,149,4.92359377939,9,7
Jonathan F,109,4.79040803613,10,7
Jonathan F,242,4.61088862241,11,7
Jonathan F,240,4.53104394747,12,7
Jonathan F,163,3.66362677467,13,7
Jonathan F,293,3.42530242187,14,7
Jonathan F,299,3.30102848222,15,7
Jonathan F,298,2.8053727213,16,7
Jonathan F,302,2.73728106894,17,7
Jonathan F,301,2.55020061113,18,7
Jonathan F,300,2.52167447715,19,7
Jonathan F,303,2.45116903257,20,7
Jonathan F,307,2.1767892167,21,7
Jonathan F,326,1.93051103096,22,7
Jonathan F,325,1.93051103096,23,7
Jonathan F,316,1.79714227625,24,7
Jonathan F,315,1.79714227625,25,7
Jonathan F,313,1.79714227625,26,7
Jonathan F,309,1.66666295051,27,7
Jonathan F,311,1.65771402555,28,7
Jonathan F,323,1.55317326885,29,7
Jonathan F,322,1.55317326885,30,7
Jonathan F,320,1.55317326885,31,7
Jonathan F,314,1.52829514905,32,7
Jonathan F,310,1.44890274477,33,7
Jonathan F,308,1.38794251282,34,7
Jonathan F,321,1.37496204028,35,7
Jonathan F,327,1.10545809055,36,7
Jonathan F,328,0.787953864872,37,7
Riki,86,2.1918068088,1,1
Riki,107,1.88351542299,2,1
Riki,69,1.76586555833,3,1
Riki,106,1.32747175911,4,1
Riki,109,1.24816939274,5,1
Riki,241,1.22411158169,6,1
Riki,242,1.20785557713,7,1
Riki,149,1.16385643907,8,1
Riki,163,1.15644823103,9,1
Riki,147,1.10524889148,10,1
Riki,299,1.0652522644,11,1
Riki,155,1.05843094187,12,1
Riki,186,1.03825839806,13,1
Riki,240,0.960416365562,14,1
Riki,326,0.820663095766,15,1
Riki,325,0.820663095766,16,1
Riki,293,0.810287820746,17,1
Riki,307,0.711348978671,18,1
Riki,302,0.700474526396,19,1
Riki,301,0.670375902444,20,1
Riki,300,0.641849768459,21,1
Riki,298,0.634588283014,22,1
Riki,303,0.568265057923,23,1
Riki,316,0.523974186754,24,1
Riki,315,0.523974186754,25,1
Riki,313,0.523974186754,26,1
Riki,309,0.475106410434,27,1
Riki,323,0.443325333657,28,1
Riki,322,0.443325333657,29,1
Riki,320,0.443325333657,30,1
Riki,310,0.420666358999,31,1
Riki,314,0.401730388509,32,1
Riki,311,0.398180561504,33,1
Riki,308,0.350394284567,34,1
Riki,321,0.343740510069,35,1
Riki,327,0.296021123884,36,1
Riki,328,0.196988466218,37,1
Carl.bunderson,86,4.12103422225,1,2
Carl.bunderson,107,3.92908532009,2,2
Carl.bunderson,69,3.51619252189,3,2
Carl.bunderson,106,3.02306575723,4,2
Carl.bunderson,147,2.77120596015,5,2
Carl.bunderson,155,2.72438801053,6,2
Carl.bunderson,186,2.69576207471,7,2
Carl.bunderson,241,2.13941434193,8,2
Carl.bunderson,242,2.12315833737,9,2
Carl.bunderson,109,2.08821739558,10,2
Carl.bunderson,240,1.85799170668,11,2
Carl.bunderson,149,1.61023885139,12,2
Carl.bunderson,299,1.41561146315,13,2
Carl.bunderson,163,1.41352399257,14,2
Carl.bunderson,293,1.16443831433,15,2
Carl.bunderson,302,1.0176721126,16,2
Carl.bunderson,326,0.9925333508,17,2
Carl.bunderson,325,0.9925333508,18,2
Carl.bunderson,298,0.984947481766,19,2
Carl.bunderson,301,0.961409849674,20,2
Carl.bunderson,300,0.932883715688,21,2
Carl.bunderson,307,0.888863453278,22,2
Carl.bunderson,303,0.826188785223,23,2
Carl.bunderson,316,0.723064467506,24,2
Carl.bunderson,315,0.723064467506,25,2
Carl.bunderson,313,0.723064467506,26,2
Carl.bunderson,309,0.649762803027,27,2
Carl.bunderson,323,0.615195588691,28,2
Carl.bunderson,322,0.615195588691,29,2
Carl.bunderson,320,0.615195588691,30,2
Carl.bunderson,311,0.597270842256,31,2
Carl.bunderson,314,0.576386781101,32,2
Carl.bunderson,310,0.568102725874,33,2
Carl.bunderson,321,0.515610765104,34,2
Carl.bunderson,308,0.499382625189,35,2
Carl.bunderson,327,0.417822884163,36,2
Carl.bunderson,328,0.295482699327,37,2
Ed g2s,86,2.55552968175,1,1
Ed g2s,107,2.33118838813,2,1
Ed g2s,69,1.91716922894,3,1
Ed g2s,106,1.51337305535,4,1
Ed g2s,109,1.30361346084,5,1
Ed g2s,241,1.29728306891,6,1
Ed g2s,242,1.28102706435,7,1
Ed g2s,147,1.22691563263,8,1
Ed g2s,149,1.18357197618,9,1
Ed g2s,155,1.18009768302,10,1
Ed g2s,299,1.12452612331,11,1
Ed g2s,186,1.10065128031,12,1
Ed g2s,163,1.08725297978,13,1
Ed g2s,240,1.08505568491,14,1
Ed g2s,293,0.869561679652,15,1
Ed g2s,326,0.820663095766,16,1
Ed g2s,325,0.820663095766,17,1
Ed g2s,302,0.759748385302,18,1
Ed g2s,301,0.729649761351,19,1
Ed g2s,307,0.711348978671,20,1
Ed g2s,300,0.701123627365,21,1
Ed g2s,298,0.693862141921,22,1
Ed g2s,303,0.568265057923,23,1
Ed g2s,316,0.523974186754,24,1
Ed g2s,315,0.523974186754,25,1
Ed g2s,313,0.523974186754,26,1
Ed g2s,309,0.475106410434,27,1
Ed g2s,323,0.443325333657,28,1
Ed g2s,322,0.443325333657,29,1
Ed g2s,320,0.443325333657,30,1
Ed g2s,310,0.420666358999,31,1
Ed g2s,314,0.401730388509,32,1
Ed g2s,311,0.398180561504,33,1
Ed g2s,308,0.350394284567,34,1
Ed g2s,321,0.343740510069,35,1
Ed g2s,327,0.296021123884,36,1
Ed g2s,328,0.196988466218,37,1
Rockettemorton,86,2.215361898,1,1
Rockettemorton,107,1.96412278016,2,1
Rockettemorton,69,1.81794678151,3,1
Rockettemorton,106,1.40807911628,4,1
Rockettemorton,109,1.31575644412,5,1
Rockettemorton,241,1.19309992531,6,1
Rockettemorton,242,1.17684392075,7,1
Rockettemorton,147,1.15733011466,8,1
Rockettemorton,155,1.11051216505,9,1
Rockettemorton,163,1.09939596306,10,1
Rockettemorton,186,1.09033962125,11,1
Rockettemorton,149,1.07827803711,12,1
Rockettemorton,240,0.99947728295,13,1
Rockettemorton,299,0.979673862442,14,1
Rockettemorton,326,0.820663095766,15,1
Rockettemorton,325,0.820663095766,16,1
Rockettemorton,293,0.724709418789,17,1
Rockettemorton,302,0.61489612444,18,1
Rockettemorton,301,0.584797500488,19,1
Rockettemorton,300,0.584797500488,20,1
Rockettemorton,298,0.577536015044,21,1
Rockettemorton,316,0.523974186754,22,1
Rockettemorton,315,0.523974186754,23,1
Rockettemorton,313,0.523974186754,24,1
Rockettemorton,303,0.511212789952,25,1
Rockettemorton,309,0.475106410434,26,1
Rockettemorton,323,0.443325333657,27,1
Rockettemorton,322,0.443325333657,28,1
Rockettemorton,320,0.443325333657,29,1
Rockettemorton,310,0.420666358999,30,1
Rockettemorton,314,0.401730388509,31,1
Rockettemorton,311,0.398180561504,32,1
Rockettemorton,307,0.397561504831,33,1
Rockettemorton,308,0.350394284567,34,1
Rockettemorton,321,0.343740510069,35,1
Rockettemorton,327,0.296021123884,36,1
Rockettemorton,328,0.196988466218,37,1
Eyeresist,107,2.3039372567,1,1
Eyeresist,86,2.2840105114,2,1
Eyeresist,69,1.94233570083,3,1
Eyeresist,106,1.50394190161,4,1
Eyeresist,109,1.32039110876,5,1
Eyeresist,242,1.29780471228,6,1
Eyeresist,241,1.28785191517,7,1
Eyeresist,155,1.23147295658,8,1
Eyeresist,147,1.22587330286,9,1
Eyeresist,186,1.20444415719,10,1
Eyeresist,149,1.17414082244,11,1
Eyeresist,163,1.07782182604,12,1
Eyeresist,299,1.04589971832,13,1
Eyeresist,240,1.03263808158,14,1
Eyeresist,293,0.817144076328,15,1
Eyeresist,326,0.768245492442,16,1
Eyeresist,325,0.768245492442,17,1
Eyeresist,302,0.681121980317,18,1
Eyeresist,307,0.658931375347,19,1
Eyeresist,301,0.651023356365,20,1
Eyeresist,298,0.641444538597,21,1
Eyeresist,300,0.622497222379,22,1
Eyeresist,303,0.515847454599,23,1
Eyeresist,316,0.445347781768,24,1
Eyeresist,315,0.445347781768,25,1
Eyeresist,313,0.445347781768,26,1
Eyeresist,311,0.398180561504,27,1
Eyeresist,309,0.396480005448,28,1
Eyeresist,323,0.390907730333,29,1
Eyeresist,322,0.390907730333,30,1
Eyeresist,320,0.390907730333,31,1
Eyeresist,314,0.349312785185,32,1
Eyeresist,321,0.343740510069,33,1
Eyeresist,310,0.342039954013,34,1
Eyeresist,308,0.297976681243,35,1
Eyeresist,327,0.24360352056,36,1
Eyeresist,328,0.196988466218,37,1
H2g2bob,86,2.01727814632,1,1
H2g2bob,107,1.91865717381,2,1
H2g2bob,69,1.85342491247,3,1
H2g2bob,106,1.41503111325,4,1
H2g2bob,109,1.32039110876,5,1
H2g2bob,242,1.23853085337,6,1
H2g2bob,241,1.22857805627,7,1
H2g2bob,186,1.20444415719,8,1
H2g2bob,155,1.17219909767,9,1
H2g2bob,147,1.16659944396,10,1
H2g2bob,149,1.08523003408,11,1
H2g2bob,163,1.07782182604,12,1
H2g2bob,240,1.03263808158,13,1
H2g2bob,299,0.986625859413,14,1
H2g2bob,326,0.768245492442,15,1
H2g2bob,325,0.768245492442,16,1
H2g2bob,293,0.757870217422,17,1
H2g2bob,307,0.658931375347,18,1
H2g2bob,302,0.62184812141,19,1
H2g2bob,301,0.591749497458,20,1
H2g2bob,298,0.58217067969,21,1
H2g2bob,300,0.563223363473,22,1
H2g2bob,303,0.515847454599,23,1
H2g2bob,316,0.445347781768,24,1
H2g2bob,315,0.445347781768,25,1
H2g2bob,313,0.445347781768,26,1
H2g2bob,311,0.398180561504,27,1
H2g2bob,309,0.396480005448,28,1
H2g2bob,323,0.390907730333,29,1
H2g2bob,322,0.390907730333,30,1
H2g2bob,320,0.390907730333,31,1
H2g2bob,314,0.349312785185,32,1
H2g2bob,321,0.343740510069,33,1
H2g2bob,310,0.342039954013,34,1
H2g2bob,308,0.297976681243,35,1
H2g2bob,327,0.24360352056,36,1
H2g2bob,328,0.196988466218,37,1
Raynethackery,86,3.32297484174,1,1
Raynethackery,107,3.210399689,2,1
Raynethackery,69,3.07981060086,3,1
Raynethackery,241,2.74570963809,4,1
Raynethackery,242,2.70156113879,5,1
Raynethackery,155,2.44328581291,6,1
Raynethackery,109,2.43591610761,7,1
Raynethackery,147,2.40935190761,8,1
Raynethackery,186,2.36492090958,9,1
Raynethackery,106,2.16396763294,10,1
Raynethackery,149,1.97735046054,11,1
Raynethackery,240,1.91896679028,12,1
Raynethackery,163,1.39453285591,13,1
Raynethackery,299,1.11622389708,14,1
Raynethackery,293,0.999634500383,15,1
Raynethackery,307,0.78059165805,16,1
Raynethackery,326,0.773577891668,17,1
Raynethackery,325,0.773577891668,18,1
Raynethackery,302,0.751446159078,19,1
Raynethackery,300,0.692821401141,20,1
Raynethackery,301,0.664679031959,21,1
Raynethackery,298,0.646776937823,22,1
Raynethackery,303,0.521179853825,23,1
Raynethackery,311,0.468504740266,24,1
Raynethackery,309,0.46680418421,25,1
Raynethackery,316,0.450680180994,26,1
Raynethackery,315,0.450680180994,27,1
Raynethackery,313,0.450680180994,28,1
Raynethackery,308,0.419636963947,29,1
Raynethackery,310,0.412364132775,30,1
Raynethackery,323,0.396240129559,31,1
Raynethackery,322,0.396240129559,32,1
Raynethackery,320,0.396240129559,33,1
Raynethackery,314,0.354645184411,34,1
Raynethackery,321,0.349072909295,35,1
Raynethackery,327,0.248935919786,36,1
Raynethackery,328,0.202320865444,37,1
Mschlindwein,86,2.91377188689,1,1
Mschlindwein,107,2.55692869523,2,1
Mschlindwein,69,2.52906760389,3,1
Mschlindwein,241,2.11134560393,4,1
Mschlindwein,242,1.95650723925,5,1
Mschlindwein,299,1.73224258113,6,1
Mschlindwein,149,1.72211788861,7,1
Mschlindwein,240,1.70711463297,8,1
Mschlindwein,147,1.64149751312,9,1
Mschlindwein,155,1.6230138151,10,1
Mschlindwein,109,1.60268760902,11,1
Mschlindwein,106,1.59775039541,12,1
Mschlindwein,186,1.43816015307,13,1
Mschlindwein,163,1.38997673355,14,1
Mschlindwein,307,1.37040154044,15,1
Mschlindwein,302,1.36746484313,16,1
Mschlindwein,300,1.30884008519,17,1
Mschlindwein,301,1.28069771601,18,1
Mschlindwein,293,1.2243885618,19,1
Mschlindwein,298,1.1521057565,20,1
Mschlindwein,326,1.12338684954,21,1
Mschlindwein,325,1.12338684954,22,1
Mschlindwein,309,1.08282286826,23,1
Mschlindwein,313,1.0362889567,24,1
Mschlindwein,310,1.02838281683,25,1
Mschlindwein,303,1.0265086725,26,1
Mschlindwein,316,0.975469140013,27,1
Mschlindwein,315,0.975469140013,28,1
Mschlindwein,308,0.924965782621,29,1
Mschlindwein,311,0.921415955616,30,1
Mschlindwein,323,0.894820286916,31,1
Mschlindwein,322,0.894820286916,32,1
Mschlindwein,320,0.894820286916,33,1
Mschlindwein,314,0.89038391143,34,1
Mschlindwein,321,0.741164307956,35,1
Mschlindwein,327,0.30135352311,36,1
Mschlindwein,328,0.202320865444,37,1
ExcelsiorCatman,107,2.60880797738,1,1
ExcelsiorCatman,86,2.55421867499,2,1
ExcelsiorCatman,69,2.36111155331,3,1
ExcelsiorCatman,242,2.17886926008,4,1
ExcelsiorCatman,241,1.91457016059,5,1
ExcelsiorCatman,106,1.57442222921,6,1
ExcelsiorCatman,299,1.48084102686,7,1
ExcelsiorCatman,149,1.47319071425,8,1
ExcelsiorCatman,240,1.43997953437,9,1
ExcelsiorCatman,163,1.42121028244,10,1
ExcelsiorCatman,109,1.40961744283,11,1
ExcelsiorCatman,155,1.349390991,12,1
ExcelsiorCatman,147,1.31539852803,13,1
ExcelsiorCatman,186,1.26829103624,14,1
ExcelsiorCatman,326,1.18071208474,15,1
ExcelsiorCatman,325,1.18071208474,16,1
ExcelsiorCatman,293,1.16886246269,17,1
ExcelsiorCatman,307,1.09387268389,18,1
ExcelsiorCatman,298,1.07438572007,19,1
ExcelsiorCatman,302,1.05765655428,20,1
ExcelsiorCatman,300,0.99903179634,21,1
ExcelsiorCatman,301,0.970889427158,22,1
ExcelsiorCatman,303,0.866307699423,23,1
ExcelsiorCatman,309,0.831421313989,24,1
ExcelsiorCatman,313,0.790843373003,25,1
ExcelsiorCatman,310,0.776981262554,26,1
ExcelsiorCatman,316,0.730023556313,27,1
ExcelsiorCatman,315,0.730023556313,28,1
ExcelsiorCatman,311,0.689604997366,29,1
ExcelsiorCatman,323,0.675583504878,30,1
ExcelsiorCatman,322,0.675583504878,31,1
ExcelsiorCatman,320,0.675583504878,32,1
ExcelsiorCatman,314,0.671147129392,33,1
ExcelsiorCatman,308,0.648436926067,34,1
ExcelsiorCatman,321,0.574345129242,35,1
ExcelsiorCatman,327,0.358678758307,36,1
ExcelsiorCatman,328,0.312063703966,37,1
Schmiteye,86,2.52626511549,1,1
Schmiteye,69,2.38438241402,2,1
Schmiteye,241,2.28605891289,3,1
Schmiteye,242,2.06854103119,4,1
Schmiteye,107,1.98434338567,5,1
Schmiteye,240,1.6709871384,6,1
Schmiteye,163,1.6452390087,7,1
Schmiteye,106,1.6019960852,8,1
Schmiteye,109,1.45671646493,9,1
Schmiteye,149,1.4494284663,10,1
Schmiteye,155,1.38039297478,11,1
Schmiteye,326,1.37853200933,12,1
Schmiteye,325,1.37853200933,13,1
Schmiteye,307,1.34191115075,14,1
Schmiteye,147,1.33270877392,15,1
Schmiteye,299,1.28262826571,16,1
Schmiteye,186,1.25481317166,17,1
Schmiteye,293,1.23302605901,18,1
Schmiteye,302,1.2199557872,19,1
Schmiteye,301,1.20063607404,20,1
Schmiteye,300,1.16266910201,21,1
Schmiteye,309,1.12044181978,22,1
Schmiteye,310,1.06600176835,23,1
Schmiteye,303,1.06412762402,24,1
Schmiteye,313,1.01487209926,25,1
Schmiteye,316,0.95405228257,26,1
Schmiteye,315,0.95405228257,27,1
Schmiteye,311,0.899999098173,28,1
Schmiteye,308,0.896475392926,29,1
Schmiteye,323,0.873403429473,30,1
Schmiteye,322,0.873403429473,31,1
Schmiteye,320,0.873403429473,32,1
Schmiteye,314,0.868967053987,33,1
Schmiteye,298,0.867389198805,34,1
Schmiteye,321,0.719747450513,35,1
Schmiteye,327,0.556498682903,36,1
Schmiteye,328,0.457466025237,37,1
PerfectStorm,69,2.30961609269,1,1
PerfectStorm,86,2.15691488778,2,1
PerfectStorm,242,2.08368859651,3,1
PerfectStorm,107,1.8233768767,4,1
PerfectStorm,241,1.78498594093,5,1
PerfectStorm,163,1.63417777235,6,1
PerfectStorm,106,1.49344717956,7,1
PerfectStorm,109,1.40687225071,8,1
PerfectStorm,326,1.39367957465,9,1
PerfectStorm,325,1.39367957465,10,1
PerfectStorm,149,1.34087956065,11,1
PerfectStorm,155,1.2980528708,12,1
PerfectStorm,307,1.29206693653,13,1
PerfectStorm,240,1.22861885786,14,1
PerfectStorm,186,1.224890671,15,1
PerfectStorm,299,1.20657524983,16,1
PerfectStorm,293,1.15068595503,17,1
PerfectStorm,302,1.14390277132,18,1
PerfectStorm,147,1.13038589797,19,1
PerfectStorm,300,1.08661608613,20,1
PerfectStorm,303,1.07927518933,21,1
PerfectStorm,301,1.05701788952,22,1
PerfectStorm,309,1.0443888039,23,1
PerfectStorm,313,1.00381086291,24,1
PerfectStorm,310,0.989948752467,25,1
PerfectStorm,316,0.942991046225,26,1
PerfectStorm,315,0.942991046225,27,1
PerfectStorm,311,0.902572487279,28,1
PerfectStorm,323,0.88855099479,29,1
PerfectStorm,322,0.88855099479,30,1
PerfectStorm,320,0.88855099479,31,1
PerfectStorm,314,0.884114619304,32,1
PerfectStorm,308,0.846631178707,33,1
PerfectStorm,298,0.814971595481,34,1
PerfectStorm,321,0.787312619154,35,1
PerfectStorm,327,0.57164624822,36,1
PerfectStorm,328,0.525031193878,37,1
Greenie2600,69,3.15253678921,1,1
Greenie2600,86,3.11947613702,2,1
Greenie2600,107,2.49670196237,3,1
Greenie2600,241,2.41595236024,4,1
Greenie2600,163,2.34912103618,5,1
Greenie2600,242,2.24431366382,6,1
Greenie2600,326,2.19850211375,7,1
Greenie2600,325,2.19850211375,8,1
Greenie2600,106,1.99106999766,9,1
Greenie2600,299,1.89943556012,10,1
Greenie2600,240,1.86575246201,11,1
Greenie2600,155,1.85532423702,12,1
Greenie2600,309,1.83895929584,13,1
Greenie2600,302,1.83676308161,14,1
Greenie2600,310,1.78352476606,15,1
Greenie2600,316,1.77402238698,16,1
Greenie2600,315,1.77402238698,17,1
Greenie2600,147,1.769592772,18,1
Greenie2600,293,1.76600135971,19,1
Greenie2600,301,1.74987819981,20,1
Greenie2600,186,1.7052959015,21,1
Greenie2600,323,1.69337353389,22,1
Greenie2600,322,1.69337353389,23,1
Greenie2600,320,1.69337353389,24,1
Greenie2600,300,1.6337938296,25,1
Greenie2600,307,1.59588650621,26,1
Greenie2600,149,1.58881791252,27,1
Greenie2600,321,1.53971755493,28,1
Greenie2600,308,1.46423822223,29,1
Greenie2600,313,1.45855686698,30,1
Greenie2600,109,1.39068802853,31,1
Greenie2600,327,1.37646878731,32,1
Greenie2600,311,1.27869208636,33,1
Greenie2600,314,1.21528670357,34,1
Greenie2600,328,1.20059254698,35,1
Greenie2600,303,1.00632619454,36,1
Greenie2600,298,0.74202260069,37,1
Akseli,69,2.74893965342,1,1
Akseli,86,2.37211734808,2,1
Akseli,107,2.0358571694,3,1
Akseli,242,2.02382275279,4,1
Akseli,163,1.98548989724,5,1
Akseli,241,1.93068158792,6,1
Akseli,326,1.86107977647,7,1
Akseli,325,1.86107977647,8,1
Akseli,106,1.6434626247,9,1
Akseli,240,1.46751030804,10,1
Akseli,299,1.44457469614,11,1
Akseli,155,1.42667217471,12,1
Akseli,313,1.42163810167,13,1
Akseli,309,1.38409843186,14,1
Akseli,302,1.38190221764,15,1
Akseli,149,1.37252810817,16,1
Akseli,323,1.35595119661,17,1
Akseli,322,1.35595119661,18,1
Akseli,320,1.35595119661,19,1
Akseli,293,1.3373492974,20,1
Akseli,186,1.32906144251,21,1
Akseli,310,1.32866390209,22,1
Akseli,316,1.32070572853,23,1
Akseli,315,1.32070572853,24,1
Akseli,301,1.29501733584,25,1
Akseli,147,1.28852310636,26,1
Akseli,109,1.27745060852,27,1
Akseli,300,1.2557765483,28,1
Akseli,321,1.25471282097,29,1
Akseli,307,1.24407802657,30,1
Akseli,311,1.141028687,31,1
Akseli,327,1.03904645004,32,1
Akseli,314,0.994795792547,33,1
Akseli,328,0.992431395695,34,1
Akseli,308,0.963468611906,35,1
Akseli,303,0.89308877453,36,1
Akseli,298,0.628785180677,37,1
